student_id,gender,age,degree,branch,cgpa,backlogs,internships,certifications,coding_skills,communication_skills,aptitude_score,projects,placed,company_type,package_lpa
1,Male,20,BE,Mechanical,8.4,2,2,2,1,3,69,0,0,None,0
2,Female,20,BTech,Electrical,8.6,2,0,5,1,9,81,4,0,None,0
3,Male,22,BCA,Electrical,6.62,3,0,1,1,7,50,1,0,None,0
4,Male,24,BCA,DS,8.01,0,0,4,4,7,47,4,0,None,0
5,Male,24,BCA,Electrical,9.12,2,1,2,4,4,77,4,0,None,0
6,Female,22,BSc,CS,6.77,1,3,4,8,1,67,2,1,Service,13.15
7,Male,23,BSc,CS,9.36,1,0,4,5,8,51,4,0,None,0
8,Male,20,BSc,CS,8.17,2,0,2,10,10,84,3,1,Product,8.98
9,Male,20,BSc,IT,7.32,3,3,4,4,9,73,3,0,None,0
10,Female,22,BE,CS,8.18,3,0,3,8,4,70,4,1,Service,13.4
11,Male,22,BE,CS,7.23,3,2,1,7,1,94,4,1,Startup,4.16
12,Male,23,BCA,DS,9.1,2,0,0,6,9,60,3,1,Product,7.27
13,Male,24,BSc,Mechanical,7.57,3,0,1,2,5,55,1,0,None,0
14,Male,21,BCA,Mechanical,9.38,3,1,0,5,6,63,0,1,Product,6.64
15,Female,24,BTech,CS,7.69,1,1,3,2,2,61,3,0,None,0
16,Male,20,BSc,CS,8.34,0,2,1,6,5,97,2,1,Startup,6.61
17,Female,22,BSc,CS,9.79,1,3,3,9,1,52,3,0,None,0
18,Female,23,BCA,Electrical,6.13,2,2,2,9,3,48,0,0,None,0
19,Female,24,BCA,DS,8.67,1,3,0,6,1,84,3,1,Product,9.24
20,Male,23,BTech,DS,6.1,0,0,2,4,1,86,5,0,None,0
21,Female,24,BCA,DS,9.11,1,1,2,10,9,47,0,0,None,0
22,Male,20,BSc,Mechanical,8.06,3,2,1,9,6,62,1,1,Startup,12.58
23,Female,21,BE,IT,9.53,0,2,4,5,8,88,1,1,Product,6.63
24,Female,23,BTech,Mechanical,9.22,2,1,4,8,5,49,4,0,None,0
25,Female,23,BTech,DS,5.82,1,3,3,9,9,80,1,0,None,0
26,Female,21,BSc,AI,6.09,1,0,1,5,4,95,3,0,None,0
27,Female,23,BE,IT,8.09,3,3,2,6,10,56,2,0,None,0
28,Female,23,BCA,CS,7.73,0,1,5,4,8,68,3,0,None,0
29,Female,24,BCA,Electrical,6.22,3,0,3,1,6,88,1,0,None,0
30,Female,24,BE,Mechanical,6.06,1,3,2,1,10,90,2,0,None,0
31,Male,21,BE,Electrical,7.93,1,0,3,5,5,90,1,1,Product,9.56
32,Male,20,BSc,IT,5.71,0,1,5,3,5,41,0,0,None,0
33,Female,23,BCA,AI,9.26,1,0,0,7,3,50,3,0,None,0
34,Female,20,BSc,IT,8.97,0,2,3,4,4,47,2,0,None,0
35,Female,21,BCA,Mechanical,8.88,2,1,3,4,10,60,5,0,None,0
36,Male,21,BCA,DS,5.57,1,2,2,4,5,88,4,0,None,0
37,Female,24,BE,CS,5.7,0,0,4,6,9,72,2,0,None,0
38,Male,23,BSc,DS,7.86,0,3,2,9,10,89,2,1,Startup,11.08
39,Male,22,BE,DS,9.78,3,0,1,9,3,46,5,0,None,0
40,Male,21,BSc,Mechanical,6.97,1,1,2,5,5,80,5,1,Service,14.96
41,Male,23,BCA,DS,6.98,3,1,5,8,9,64,2,1,Product,10.64
42,Male,20,BTech,DS,6.08,0,0,4,4,1,48,4,0,None,0
43,Female,24,BTech,Mechanical,8.4,2,3,1,8,5,81,2,1,Service,8.43
44,Female,20,BSc,Mechanical,8.28,2,1,5,10,4,87,3,1,Service,5.81
45,Female,21,BSc,AI,5.94,1,0,4,9,1,82,2,0,None,0
46,Female,21,BE,DS,7.51,2,3,1,8,1,77,1,1,Startup,11.8
47,Female,20,BCA,IT,8.37,1,2,2,8,7,66,2,1,Service,6.05
48,Male,21,BTech,CS,7.62,1,1,4,9,6,83,2,1,Service,13.14
49,Female,23,BE,Electrical,8.4,0,2,5,10,1,92,4,1,Service,5.53
50,Female,21,BSc,CS,9.01,0,1,5,8,4,99,0,1,Startup,13.3
51,Male,24,BCA,Mechanical,8.45,0,2,4,4,7,49,4,0,None,0
52,Female,23,BE,Electrical,8.15,3,0,5,5,6,87,4,1,Service,13.05
53,Male,22,BE,Mechanical,9.17,0,3,5,10,10,65,2,1,Product,8
54,Female,21,BSc,AI,9.37,1,0,0,6,2,66,5,1,Service,6.86
55,Male,21,BCA,DS,7.17,0,0,0,5,9,95,0,1,Service,11.37
56,Female,24,BTech,Mechanical,6.24,3,0,3,9,10,61,4,0,None,0
57,Female,24,BE,Mechanical,9.02,0,1,0,2,3,95,1,0,None,0
58,Male,20,BSc,CS,6.42,2,2,4,6,2,85,0,0,None,0
59,Male,20,BE,DS,9.49,1,1,3,10,1,88,5,1,Service,8.15
60,Male,20,BSc,AI,5.6,2,1,2,2,3,59,4,0,None,0
61,Male,24,BSc,Mechanical,9.46,2,3,3,8,6,65,2,1,Startup,9.68
62,Male,20,BSc,Mechanical,8.03,3,0,5,8,10,76,5,1,Product,10.15
63,Male,20,BCA,Mechanical,8.83,2,1,1,5,1,75,1,1,Product,14.62
64,Male,22,BTech,CS,7.21,0,2,3,10,2,68,5,1,Startup,11.92
65,Male,20,BCA,Mechanical,9.76,1,1,0,8,9,93,0,1,Startup,6.04
66,Female,21,BTech,Mechanical,6.48,2,3,2,5,1,52,5,0,None,0
67,Female,24,BSc,CS,6.64,2,3,1,4,1,46,1,0,None,0
68,Male,23,BTech,Mechanical,5.72,1,2,3,9,9,50,3,0,None,0
69,Female,22,BCA,DS,9.54,0,3,2,8,3,82,4,1,Product,11.35
70,Female,24,BE,DS,7.46,2,0,0,4,6,95,2,0,None,0
71,Female,24,BCA,CS,8.4,1,0,2,2,3,95,5,0,None,0
72,Female,21,BCA,DS,8.46,0,3,2,2,2,92,5,0,None,0
73,Male,20,BCA,Electrical,9.26,0,1,1,2,3,95,3,0,None,0
74,Female,21,BCA,Electrical,8.36,0,3,4,10,10,83,2,1,Product,13.13
75,Male,20,BCA,Electrical,7.92,3,2,0,8,4,42,4,0,None,0
76,Female,20,BTech,AI,8.55,0,0,1,6,1,83,5,1,Startup,14.15
77,Female,24,BTech,Mechanical,8.73,0,0,1,1,3,74,3,0,None,0
78,Female,20,BE,AI,6.3,1,1,1,10,7,40,0,0,None,0
79,Male,22,BCA,DS,5.97,3,2,4,4,2,81,3,0,None,0
80,Female,22,BCA,CS,5.82,0,0,4,3,7,40,5,0,None,0
81,Male,22,BE,Electrical,7.11,2,0,3,10,4,72,5,1,Service,6.3
82,Female,24,BE,CS,7.64,3,2,3,7,7,65,0,1,Startup,7.56
83,Male,21,BSc,AI,8.15,1,1,0,10,3,82,0,1,Product,3.5
84,Female,23,BE,DS,9.62,3,3,5,5,7,87,2,1,Startup,13.79
85,Male,20,BE,Mechanical,6.92,2,1,0,1,10,42,1,0,None,0
86,Male,23,BE,DS,8.77,3,0,4,6,7,63,1,1,Product,9.36
87,Female,21,BSc,Electrical,7.78,2,0,4,4,3,96,5,0,None,0
88,Male,21,BTech,DS,6.45,0,1,4,10,6,74,0,0,None,0
89,Female,24,BSc,CS,8.15,0,1,1,6,9,79,4,1,Startup,6.48
90,Female,22,BTech,IT,9.66,3,0,4,7,7,98,1,1,Product,10.97
91,Female,22,BE,Electrical,6.03,3,2,1,9,5,84,1,0,None,0
92,Female,21,BSc,Mechanical,7.68,1,2,1,1,1,55,4,0,None,0
93,Female,24,BSc,Electrical,5.72,1,3,0,6,8,86,2,0,None,0
94,Female,24,BTech,Electrical,6.88,2,0,2,8,4,81,0,1,Startup,3.7
95,Female,20,BSc,Mechanical,8.17,0,0,3,4,2,88,5,0,None,0
96,Female,22,BSc,Electrical,9.12,3,3,3,10,9,74,3,1,Product,12.7
97,Female,21,BCA,CS,8.64,0,0,0,9,3,53,3,0,None,0
98,Female,23,BTech,DS,7.49,3,0,0,4,6,72,0,0,None,0
99,Female,22,BSc,CS,9.41,2,1,4,4,3,97,2,0,None,0
100,Male,20,BSc,DS,6.8,0,2,4,9,7,48,5,0,None,0
101,Male,24,BE,IT,8.74,1,2,4,4,2,58,3,0,None,0
102,Female,21,BCA,Electrical,7.54,2,2,1,9,4,97,5,1,Service,11.49
103,Female,22,BCA,IT,9.36,0,3,1,1,10,69,5,0,None,0
104,Female,23,BE,AI,8.93,2,1,4,8,9,49,1,0,None,0
105,Female,20,BE,DS,9.38,3,0,1,2,8,92,2,0,None,0
106,Female,20,BE,CS,6.42,0,2,0,8,8,50,4,0,None,0
107,Female,22,BE,CS,8.37,0,2,4,5,8,65,0,1,Startup,4.53
108,Female,23,BCA,Electrical,8.68,0,1,3,1,7,65,3,0,None,0
109,Female,20,BSc,CS,8.69,1,0,3,1,6,53,0,0,None,0
110,Male,21,BSc,AI,7.67,2,3,5,6,8,55,4,0,None,0
111,Female,20,BE,Mechanical,5.55,1,0,1,1,7,78,3,0,None,0
112,Male,23,BTech,CS,6.62,1,3,3,2,1,69,0,0,None,0
113,Female,24,BE,Electrical,6.89,2,3,4,3,6,48,4,0,None,0
114,Female,24,BSc,IT,9.16,2,0,3,2,8,52,1,0,None,0
115,Male,22,BTech,CS,9.12,0,3,0,9,5,78,4,1,Service,3.96
116,Female,23,BE,CS,5.95,0,2,1,10,6,40,2,0,None,0
117,Male,20,BTech,CS,9.58,2,1,3,6,2,94,2,1,Service,5.33
118,Female,20,BE,Electrical,6.28,0,2,1,9,2,78,4,0,None,0
119,Female,24,BCA,Mechanical,7.28,3,3,0,5,2,41,5,0,None,0
120,Male,24,BSc,CS,6.43,0,3,3,4,6,62,5,0,None,0
121,Female,21,BE,Mechanical,9.2,2,1,5,2,5,73,1,0,None,0
122,Male,24,BTech,Mechanical,8.72,1,1,4,4,6,40,0,0,None,0
123,Female,21,BSc,AI,7.02,2,2,2,8,6,80,0,1,Service,8.54
124,Male,20,BE,IT,8.43,2,1,3,2,4,81,1,0,None,0
125,Male,21,BE,CS,6.29,1,1,0,8,7,81,3,0,None,0
126,Female,21,BE,CS,7.14,3,3,5,2,9,44,4,0,None,0
127,Female,22,BE,CS,7.12,0,1,5,1,7,78,2,0,None,0
128,Male,24,BCA,Mechanical,6.52,3,3,2,4,6,71,2,0,None,0
129,Female,21,BSc,DS,9.27,1,0,5,7,3,49,2,0,None,0
130,Female,20,BCA,IT,8.42,3,0,3,2,6,61,5,0,None,0
131,Female,23,BSc,Electrical,6.7,1,0,1,3,8,63,5,0,None,0
132,Male,21,BE,CS,6.54,2,3,0,6,8,97,0,1,Service,14.63
133,Male,24,BSc,DS,5.58,3,0,3,2,4,74,0,0,None,0
134,Male,22,BTech,DS,6.99,0,2,0,9,5,70,1,1,Startup,9.24
135,Male,20,BSc,DS,7.77,0,3,4,6,4,83,3,1,Product,13.25
136,Male,22,BTech,IT,6.69,1,2,2,6,2,91,5,1,Product,4.82
137,Male,23,BTech,DS,8.51,2,3,2,8,5,87,4,1,Product,7.72
138,Male,21,BCA,Electrical,7.27,3,2,4,1,1,89,2,0,None,0
139,Male,21,BSc,CS,6.86,3,0,2,10,2,87,1,1,Product,9.56
140,Male,24,BE,Electrical,9.54,1,2,2,3,7,60,3,0,None,0
141,Female,21,BSc,CS,6.63,3,0,5,2,5,98,0,0,None,0
142,Male,20,BCA,AI,7.21,0,3,4,1,10,49,2,0,None,0
143,Female,23,BTech,Mechanical,7.14,0,0,1,6,8,66,4,1,Service,10.76
144,Female,22,BTech,DS,6.54,3,1,5,4,6,72,5,0,None,0
145,Female,23,BCA,Electrical,6.44,3,1,2,6,8,55,2,0,None,0
146,Male,21,BCA,Mechanical,6.8,2,0,1,8,2,44,2,0,None,0
147,Male,22,BSc,Mechanical,9.22,2,1,0,7,8,63,4,1,Product,3.57
148,Male,24,BTech,Mechanical,8.8,3,1,0,3,9,83,5,0,None,0
149,Male,23,BCA,Mechanical,8.43,3,1,2,3,8,87,1,0,None,0
150,Female,22,BSc,Mechanical,7.47,1,1,0,6,7,66,4,1,Product,6.38
151,Male,22,BSc,CS,7.68,2,2,4,1,8,93,5,0,None,0
152,Male,22,BE,IT,6.65,3,1,2,3,2,53,5,0,None,0
153,Male,20,BTech,DS,5.82,1,3,4,8,6,49,4,0,None,0
154,Male,23,BSc,DS,6.92,2,0,1,3,7,96,0,0,None,0
155,Male,22,BCA,CS,7.63,1,3,3,1,9,55,1,0,None,0
156,Female,23,BTech,Electrical,5.75,3,1,3,10,3,68,1,0,None,0
157,Male,22,BCA,CS,5.88,0,3,5,9,6,54,3,0,None,0
158,Female,24,BCA,Mechanical,6.63,0,1,2,2,8,61,3,0,None,0
159,Male,24,BSc,IT,7.08,0,2,4,7,4,82,0,1,Product,3.63
160,Female,24,BSc,DS,7.19,0,2,3,8,5,96,5,1,Service,8.37
161,Male,21,BE,Electrical,6.01,3,2,2,3,2,45,0,0,None,0
162,Male,22,BCA,AI,6.47,0,1,5,7,10,98,3,0,None,0
163,Female,21,BSc,CS,6.63,0,0,3,10,7,90,3,1,Service,9.56
164,Female,23,BE,AI,5.79,3,2,5,4,8,86,1,0,None,0
165,Female,21,BTech,DS,6.9,2,1,3,2,6,66,3,0,None,0
166,Male,23,BE,CS,5.81,2,1,0,4,9,68,4,0,None,0
167,Female,23,BE,DS,8.52,2,3,2,8,3,84,5,1,Startup,6.31
168,Male,23,BCA,CS,7.16,1,1,5,2,9,67,2,0,None,0
169,Male,21,BTech,Electrical,6.91,2,3,5,6,9,58,4,0,None,0
170,Female,22,BCA,DS,6.04,3,2,3,10,9,72,5,0,None,0
171,Female,21,BCA,AI,6.47,2,3,5,3,6,49,3,0,None,0
172,Male,22,BE,IT,6.5,1,1,2,3,9,95,2,0,None,0
173,Male,22,BE,Electrical,9.74,1,3,0,6,7,50,0,0,None,0
174,Female,23,BSc,Electrical,9.09,0,2,2,3,8,83,3,0,None,0
175,Female,21,BE,CS,5.57,3,1,0,2,8,69,3,0,None,0
176,Female,22,BSc,AI,8.15,2,0,3,2,8,53,0,0,None,0
177,Male,24,BCA,DS,6.6,2,0,5,3,3,55,3,0,None,0
178,Male,22,BE,AI,5.95,3,1,5,2,6,46,2,0,None,0
179,Male,24,BTech,Electrical,8.53,3,2,3,6,7,92,0,1,Startup,7.27
180,Male,21,BTech,CS,6.07,3,1,3,4,4,43,0,0,None,0
181,Male,21,BCA,AI,7.41,3,0,0,1,4,55,1,0,None,0
182,Male,21,BCA,DS,8.22,3,1,1,3,7,99,3,0,None,0
183,Female,22,BE,Mechanical,7.88,3,3,0,10,2,90,1,1,Product,5.83
184,Male,20,BSc,Electrical,9.7,3,3,0,3,8,74,2,0,None,0
185,Male,22,BE,IT,8.88,1,2,5,4,6,48,5,0,None,0
186,Male,22,BSc,IT,8.83,0,2,4,6,9,88,2,1,Service,10.67
187,Female,23,BE,Electrical,7.03,2,2,3,1,5,75,0,0,None,0
188,Male,23,BTech,Mechanical,5.54,1,2,3,2,10,48,1,0,None,0
189,Male,22,BTech,CS,8.66,1,3,4,10,10,71,3,1,Service,12.77
190,Female,24,BSc,AI,9.8,2,0,5,3,1,85,2,0,None,0
191,Male,23,BE,AI,7.25,1,2,1,5,7,96,1,1,Startup,10.19
192,Male,22,BCA,Mechanical,9.74,3,2,2,7,4,65,0,1,Service,9.67
193,Male,20,BSc,Mechanical,6.11,1,0,3,1,10,96,4,0,None,0
194,Male,24,BTech,DS,6.78,2,2,3,2,4,83,0,0,None,0
195,Male,21,BSc,DS,6.23,0,0,0,4,3,58,5,0,None,0
196,Female,22,BE,IT,7.54,2,2,1,10,5,92,0,1,Product,5.57
197,Female,22,BCA,CS,8.93,0,2,1,1,6,82,1,0,None,0
198,Female,24,BCA,CS,6.96,3,2,5,1,3,43,4,0,None,0
199,Male,23,BSc,Mechanical,9.4,1,3,1,9,8,70,3,1,Service,5.56
200,Male,23,BE,IT,7.84,2,3,1,6,2,52,0,0,None,0
201,Male,23,BE,IT,7.5,2,3,4,2,7,85,0,0,None,0
202,Female,21,BCA,DS,8.88,0,2,0,10,1,49,4,0,None,0
203,Male,24,BTech,AI,5.94,1,3,5,7,9,87,3,0,None,0
204,Male,24,BE,CS,8.83,2,3,4,10,9,59,0,0,None,0
205,Female,23,BCA,IT,6.54,2,3,4,6,5,91,0,1,Product,12.94
206,Male,23,BCA,DS,6.71,1,1,2,6,2,45,1,0,None,0
207,Female,20,BE,DS,8.08,3,3,0,8,6,83,5,1,Service,9.51
208,Female,20,BE,DS,9.38,0,1,1,10,10,87,1,1,Startup,10.84
209,Female,22,BSc,AI,7.99,2,3,5,3,5,47,2,0,None,0
210,Male,22,BTech,IT,8.29,1,2,0,10,4,74,1,1,Product,3.58
211,Male,24,BSc,Mechanical,8.84,3,2,1,2,2,54,3,0,None,0
212,Male,24,BSc,Mechanical,6.62,2,2,2,9,5,68,2,1,Startup,4.43
213,Male,21,BCA,DS,9.06,3,1,3,5,8,89,1,1,Service,8.14
214,Male,21,BCA,DS,7.3,2,2,4,6,2,47,4,0,None,0
215,Male,20,BTech,AI,6.26,2,0,2,7,7,48,1,0,None,0
216,Male,22,BSc,DS,7.01,3,3,4,2,3,68,5,0,None,0
217,Female,20,BSc,Electrical,6.56,0,1,5,6,6,62,1,1,Product,14.57
218,Male,20,BCA,IT,6.48,3,1,1,1,4,91,5,0,None,0
219,Female,22,BCA,DS,6.72,1,1,5,9,6,94,1,1,Service,12.59
220,Male,21,BE,DS,6.28,2,2,1,6,2,51,5,0,None,0
221,Male,22,BSc,IT,8.37,3,0,2,7,10,67,0,1,Product,9.78
222,Male,23,BTech,CS,7.99,3,1,3,5,5,86,5,1,Product,12.45
223,Female,23,BSc,Electrical,8.29,2,3,3,2,2,83,4,0,None,0
224,Female,23,BCA,Electrical,6.98,2,3,4,4,8,54,2,0,None,0
225,Female,24,BE,Mechanical,8.81,3,0,1,5,9,89,0,1,Service,4.81
226,Female,21,BSc,DS,6.06,0,3,1,10,8,74,4,0,None,0
227,Male,21,BTech,IT,7.96,2,0,3,2,1,68,2,0,None,0
228,Female,24,BCA,Mechanical,6.68,3,3,1,9,5,97,5,1,Product,14.49
229,Male,20,BE,AI,7.77,1,0,5,2,4,57,1,0,None,0
230,Male,23,BSc,CS,6.89,0,2,1,2,4,79,0,0,None,0
231,Female,23,BTech,DS,8.9,1,3,2,2,7,57,2,0,None,0
232,Female,20,BCA,CS,9.33,2,3,3,2,10,49,1,0,None,0
233,Female,22,BTech,DS,8.69,2,3,3,5,10,46,0,0,None,0
234,Female,22,BSc,DS,6.26,0,2,5,7,4,41,2,0,None,0
235,Female,21,BCA,DS,6.68,2,2,5,1,1,57,2,0,None,0
236,Female,24,BSc,CS,9.45,1,1,0,9,3,81,0,1,Startup,11.39
237,Female,21,BE,Electrical,7.38,3,1,5,6,8,90,0,1,Startup,5.98
238,Female,22,BSc,AI,9.55,3,0,3,1,10,74,5,0,None,0
239,Male,20,BE,Electrical,7.19,1,1,3,1,7,77,5,0,None,0
240,Female,21,BSc,IT,9.59,1,3,5,9,2,49,2,0,None,0
241,Female,23,BTech,IT,9.48,2,2,0,9,7,59,3,0,None,0
242,Male,23,BTech,Electrical,8.34,2,2,1,1,2,96,1,0,None,0
243,Female,20,BCA,AI,5.54,0,2,1,1,6,49,2,0,None,0
244,Male,22,BTech,AI,7.22,3,2,4,5,8,52,0,0,None,0
245,Male,23,BTech,DS,9.42,0,0,1,5,3,92,2,1,Service,13.52
246,Female,23,BE,DS,9.31,1,1,3,7,3,63,0,1,Startup,9.37
247,Male,24,BTech,IT,6.31,1,2,4,4,8,81,1,0,None,0
248,Male,21,BE,DS,7.22,0,0,4,10,8,90,5,1,Service,14.17
249,Male,22,BE,DS,9.09,0,3,5,1,10,85,0,0,None,0
250,Male,21,BE,AI,7.98,3,1,5,6,6,50,0,0,None,0
251,Female,22,BSc,CS,9.14,1,0,1,10,1,96,3,1,Startup,9.4
252,Male,23,BE,Electrical,9.05,0,2,4,3,3,59,5,0,None,0
253,Female,24,BSc,Mechanical,9.4,3,2,0,7,10,55,0,0,None,0
254,Male,21,BE,Mechanical,6,2,2,4,1,7,74,4,0,None,0
255,Male,23,BSc,DS,6.12,2,3,2,4,2,52,4,0,None,0
256,Male,22,BCA,DS,5.86,3,1,0,10,9,85,3,0,None,0
257,Male,21,BCA,Electrical,9.52,0,2,3,9,9,48,1,0,None,0
258,Female,21,BSc,Mechanical,7.54,3,1,1,10,2,70,1,1,Startup,12.17
259,Female,23,BCA,AI,5.78,3,3,1,6,6,75,0,0,None,0
260,Male,21,BTech,Mechanical,6.88,0,0,5,2,2,93,3,0,None,0
261,Male,24,BE,Mechanical,7.01,2,1,2,6,1,53,5,0,None,0
262,Female,24,BSc,Mechanical,8.98,3,0,1,9,10,82,3,1,Service,10.36
263,Male,23,BCA,DS,8.66,2,1,3,1,9,51,3,0,None,0
264,Male,22,BCA,DS,8.46,3,2,4,5,5,62,4,1,Service,9.71
265,Male,23,BTech,Electrical,5.59,1,2,1,8,1,88,5,0,None,0
266,Female,24,BE,Mechanical,9.42,0,0,3,7,7,71,1,1,Startup,11.09
267,Female,20,BTech,DS,6.43,2,1,5,10,3,87,5,0,None,0
268,Female,20,BSc,Electrical,8.2,0,3,0,2,6,40,4,0,None,0
269,Male,21,BCA,Mechanical,5.77,2,1,3,8,4,55,1,0,None,0
270,Male,21,BCA,AI,5.85,2,0,5,9,3,89,2,0,None,0
271,Female,20,BCA,DS,5.54,0,1,2,10,6,97,0,0,None,0
272,Female,24,BTech,CS,7.93,3,1,3,8,8,50,5,0,None,0
273,Female,21,BTech,Electrical,8.21,3,0,1,6,6,68,2,1,Service,3.31
274,Female,23,BE,DS,5.72,1,0,4,9,6,41,5,0,None,0
275,Male,23,BSc,AI,6.75,2,0,3,8,5,55,0,0,None,0
276,Female,24,BE,AI,9.16,0,1,2,4,5,55,0,0,None,0
277,Male,21,BE,DS,5.94,2,0,0,6,1,66,3,0,None,0
278,Female,23,BCA,IT,6.43,3,0,2,5,4,75,4,0,None,0
279,Male,21,BTech,Electrical,7.32,0,3,5,10,8,72,4,1,Startup,10.43
280,Female,21,BSc,Mechanical,9.12,0,3,0,9,6,65,1,1,Service,13.65
281,Female,23,BE,Mechanical,6.6,2,3,3,4,7,50,3,0,None,0
282,Female,20,BSc,AI,9.79,1,0,4,1,9,46,4,0,None,0
283,Female,23,BCA,DS,7.03,3,0,2,9,8,77,1,1,Service,3.07
284,Male,24,BE,IT,7.16,3,3,4,9,4,77,1,1,Product,11.12
285,Female,22,BTech,Electrical,6.03,2,2,5,7,7,64,1,0,None,0
286,Male,23,BE,CS,8.42,2,2,3,5,3,91,4,1,Startup,6.24
287,Male,21,BCA,Mechanical,6.55,1,3,4,7,5,95,0,1,Service,14.98
288,Male,21,BE,Electrical,8.2,3,3,4,9,3,89,3,1,Startup,8.98
289,Male,23,BCA,Electrical,6.46,1,2,2,3,7,47,3,0,None,0
290,Female,22,BE,IT,7.17,0,3,3,5,3,97,1,1,Service,5.22
291,Male,23,BSc,Electrical,9.18,0,0,4,3,8,67,1,0,None,0
292,Male,22,BTech,Mechanical,8.68,1,3,0,8,10,45,1,0,None,0
293,Male,22,BCA,DS,6.16,1,1,1,1,8,79,1,0,None,0
294,Female,24,BSc,Mechanical,8.11,2,2,0,4,6,68,1,0,None,0
295,Female,21,BCA,CS,8.2,3,0,5,7,9,42,1,0,None,0
296,Female,21,BE,DS,5.89,3,2,4,9,2,75,5,0,None,0
297,Female,22,BCA,AI,7.5,3,3,3,10,6,45,3,0,None,0
298,Male,21,BCA,IT,6.62,1,2,0,2,4,88,5,0,None,0
299,Male,20,BTech,Mechanical,7.51,2,3,3,9,7,40,1,0,None,0
300,Female,22,BSc,DS,8.84,2,0,5,6,1,54,0,0,None,0
301,Male,21,BE,Electrical,6.18,2,0,0,7,4,68,2,0,None,0
302,Male,20,BTech,DS,6.03,1,2,3,4,10,54,5,0,None,0
303,Male,24,BCA,Mechanical,6.66,1,0,4,5,4,51,5,0,None,0
304,Female,21,BTech,AI,9.59,2,2,2,1,6,95,4,0,None,0
305,Female,20,BCA,Mechanical,8.72,1,2,0,4,10,45,4,0,None,0
306,Male,23,BE,AI,5.58,0,2,5,8,6,98,5,0,None,0
307,Female,23,BCA,Electrical,7.22,3,2,3,6,6,91,3,1,Product,8.85
308,Female,20,BTech,Mechanical,6.61,3,1,0,7,4,76,4,1,Startup,14.36
309,Female,22,BTech,DS,8.24,3,1,3,1,5,46,1,0,None,0
310,Female,22,BCA,CS,7.47,0,3,3,7,8,79,0,1,Service,7.8
311,Female,21,BSc,CS,9.65,2,0,2,6,3,81,3,1,Service,12.87
312,Male,23,BTech,Electrical,6.44,3,1,3,4,6,78,3,0,None,0
313,Female,22,BSc,DS,8.03,1,1,0,2,1,78,0,0,None,0
314,Male,22,BSc,CS,8.51,0,0,5,2,10,94,5,0,None,0
315,Male,23,BSc,Electrical,9.05,2,2,4,7,6,85,1,1,Service,14.14
316,Female,24,BSc,AI,7.25,0,1,5,3,9,43,3,0,None,0
317,Male,22,BTech,DS,8.45,3,1,1,2,8,92,0,0,None,0
318,Male,20,BTech,AI,6.8,2,1,3,10,5,49,1,0,None,0
319,Male,21,BSc,DS,7.37,3,1,1,3,7,52,5,0,None,0
320,Female,22,BTech,AI,9.35,2,2,4,10,5,46,0,0,None,0
321,Female,22,BSc,AI,9.58,3,0,5,2,3,74,1,0,None,0
322,Male,24,BSc,CS,8.59,2,1,1,3,9,44,4,0,None,0
323,Female,20,BSc,DS,7.11,0,1,3,5,7,94,0,1,Product,12.49
324,Female,21,BCA,Mechanical,9.03,2,1,0,10,8,57,1,0,None,0
325,Female,22,BE,CS,5.61,2,1,5,10,7,46,2,0,None,0
326,Female,21,BTech,AI,5.94,0,0,5,10,7,77,4,0,None,0
327,Male,23,BTech,AI,8.34,2,2,2,5,8,47,3,0,None,0
328,Male,22,BSc,Mechanical,6.75,0,3,5,7,8,78,0,1,Startup,7.55
329,Female,22,BCA,Mechanical,9.59,3,0,3,10,6,91,1,1,Product,9.09
330,Female,23,BCA,AI,7.38,3,1,3,3,4,92,3,0,None,0
331,Male,24,BTech,Mechanical,7.35,3,3,2,3,5,82,3,0,None,0
332,Male,22,BSc,IT,8.42,2,1,2,7,6,81,5,1,Startup,14.35
333,Female,21,BTech,CS,8.8,1,0,5,6,9,65,3,1,Service,14.82
334,Male,20,BSc,DS,7.54,1,2,2,6,5,45,3,0,None,0
335,Female,21,BSc,Mechanical,6.42,3,3,2,4,9,57,1,0,None,0
336,Female,24,BE,Mechanical,8.83,0,3,2,4,9,97,5,0,None,0
337,Male,20,BSc,IT,6.88,2,2,3,2,8,77,1,0,None,0
338,Male,21,BE,DS,6.25,0,2,1,6,10,49,5,0,None,0
339,Female,21,BTech,IT,8.22,2,3,0,10,6,48,2,0,None,0
340,Female,23,BTech,DS,5.89,0,3,3,3,1,79,2,0,None,0
341,Male,24,BCA,CS,9.68,3,3,4,6,5,51,1,0,None,0
342,Female,23,BE,Mechanical,8.22,1,3,5,3,3,68,5,0,None,0
343,Male,20,BTech,CS,9.74,0,2,3,3,9,60,1,0,None,0
344,Female,23,BE,DS,6.96,3,0,5,1,4,60,2,0,None,0
345,Male,24,BTech,Mechanical,9.68,1,0,3,5,7,66,1,1,Service,13.5
346,Male,22,BE,IT,6.13,1,2,1,2,6,81,0,0,None,0
347,Male,22,BE,AI,5.67,1,0,5,10,6,51,5,0,None,0
348,Female,20,BSc,IT,5.64,0,0,2,2,5,68,0,0,None,0
349,Female,22,BTech,AI,7.5,0,1,5,9,1,65,0,1,Startup,8.12
350,Male,23,BCA,IT,5.86,1,0,4,2,3,89,0,0,None,0
351,Female,20,BSc,DS,7.7,0,3,1,2,5,65,3,0,None,0
352,Male,24,BCA,CS,6.91,3,0,0,6,2,90,0,1,Product,6.09
353,Male,20,BE,AI,6.94,2,2,4,10,2,67,5,1,Startup,8.83
354,Female,20,BSc,DS,8.23,1,0,4,1,4,53,5,0,None,0
355,Female,21,BE,CS,6.2,2,2,1,8,7,84,2,0,None,0
356,Male,21,BTech,CS,8.8,1,3,4,1,1,64,5,0,None,0
357,Female,20,BTech,Mechanical,8,2,1,3,9,9,78,3,1,Product,9.87
358,Female,22,BCA,Mechanical,9.43,1,1,3,4,1,98,2,0,None,0
359,Male,21,BTech,Mechanical,7.07,3,0,2,3,8,47,4,0,None,0
360,Male,24,BCA,AI,9.73,1,0,1,7,6,54,4,0,None,0
361,Female,23,BE,AI,7.98,3,2,3,8,1,66,1,1,Product,6.35
362,Male,21,BSc,CS,9.69,1,1,4,5,7,80,3,1,Startup,14.79
363,Male,20,BTech,AI,5.62,0,3,4,3,2,74,0,0,None,0
364,Female,22,BE,CS,8.63,2,2,3,4,1,44,4,0,None,0
365,Male,23,BSc,DS,9.01,3,0,1,10,8,43,3,0,None,0
366,Male,21,BE,IT,5.73,1,1,1,6,2,91,0,0,None,0
367,Female,22,BCA,CS,7.99,0,0,0,5,9,60,4,1,Service,12.07
368,Female,22,BE,CS,8.95,1,1,1,4,6,92,1,0,None,0
369,Male,22,BCA,DS,7.91,2,2,5,3,1,59,2,0,None,0
370,Male,20,BCA,Mechanical,5.77,1,3,5,6,8,45,1,0,None,0
371,Female,24,BTech,Electrical,8.48,0,3,5,7,7,68,4,1,Service,9.81
372,Female,22,BCA,Mechanical,5.76,1,3,3,2,1,94,2,0,None,0
373,Female,23,BCA,Mechanical,9.02,1,3,0,6,8,79,4,1,Service,6.76
374,Female,21,BE,CS,5.69,3,3,4,3,2,42,4,0,None,0
375,Male,23,BCA,CS,6.09,3,0,3,10,8,75,0,0,None,0
376,Female,20,BCA,AI,6.68,1,0,2,8,9,56,3,0,None,0
377,Female,20,BE,AI,8.22,1,3,2,2,5,88,5,0,None,0
378,Male,23,BSc,IT,9.7,0,1,1,5,5,76,2,1,Service,12.95
379,Female,24,BTech,IT,6.01,1,2,0,8,7,88,5,0,None,0
380,Male,20,BE,Electrical,6.11,2,1,0,9,1,64,1,0,None,0
381,Female,20,BCA,AI,7.09,3,1,4,7,5,83,2,1,Startup,14.83
382,Female,23,BE,CS,9.1,2,3,1,9,1,74,3,1,Service,14.93
383,Female,20,BSc,DS,7.51,1,1,0,9,8,97,5,1,Startup,10.3
384,Male,24,BE,AI,6.88,0,0,3,8,8,96,3,1,Product,7.45
385,Male,24,BE,CS,7.91,2,2,4,7,1,60,3,1,Service,7.47
386,Female,24,BE,AI,6.62,1,2,0,6,2,41,0,0,None,0
387,Male,21,BE,Mechanical,7.22,3,2,2,3,7,96,4,0,None,0
388,Male,24,BCA,AI,6.93,1,1,2,8,7,94,1,1,Startup,14.76
389,Male,24,BE,Electrical,8.96,3,2,0,3,9,50,5,0,None,0
390,Male,21,BSc,Mechanical,9.47,0,2,5,9,3,77,1,1,Startup,4.93
391,Male,22,BE,CS,8.77,3,0,5,9,2,56,1,0,None,0
392,Male,20,BE,Mechanical,7.39,1,3,2,10,10,70,2,1,Service,5.68
393,Female,24,BCA,AI,7.67,0,3,3,10,8,58,0,0,None,0
394,Female,20,BCA,Mechanical,6.04,3,0,4,9,7,68,0,0,None,0
395,Male,23,BE,Electrical,8.71,3,0,3,4,3,52,1,0,None,0
396,Female,20,BCA,DS,8.06,2,3,2,9,3,60,1,1,Startup,7.75
397,Female,21,BCA,Mechanical,9.38,3,1,0,2,7,76,5,0,None,0
398,Female,20,BE,Electrical,6.36,1,0,0,1,5,44,3,0,None,0
399,Female,20,BCA,Mechanical,8.77,0,2,4,8,9,90,2,1,Product,13.61
400,Male,20,BTech,IT,8.44,1,0,2,6,10,67,3,1,Startup,5.22
401,Female,22,BTech,DS,6.64,3,1,2,10,7,54,4,0,None,0
402,Female,22,BTech,CS,8.37,1,0,2,9,1,66,3,1,Startup,14.09
403,Male,23,BCA,Electrical,9.47,2,2,1,9,1,43,4,0,None,0
404,Male,21,BTech,Mechanical,9.45,1,0,0,3,6,77,4,0,None,0
405,Female,20,BSc,DS,8.59,0,0,2,2,5,42,3,0,None,0
406,Female,20,BTech,CS,5.71,0,0,4,7,5,95,1,0,None,0
407,Female,20,BSc,DS,9.25,3,3,5,5,8,68,3,1,Service,11.06
408,Female,20,BCA,Electrical,8.33,0,3,1,10,8,50,4,0,None,0
409,Female,22,BTech,IT,6.83,1,1,2,6,9,90,0,1,Startup,6.58
410,Female,23,BSc,Electrical,6.31,3,3,0,5,4,75,4,0,None,0
411,Male,24,BCA,Electrical,6,1,1,5,4,5,66,5,0,None,0
412,Female,21,BTech,CS,5.72,2,3,1,1,7,93,2,0,None,0
413,Female,20,BE,CS,8.74,1,1,3,4,3,78,0,0,None,0
414,Male,23,BTech,Mechanical,6.51,0,1,4,10,6,74,3,1,Startup,7.31
415,Male,24,BTech,AI,5.6,0,1,0,3,3,96,4,0,None,0
416,Male,23,BTech,Electrical,7.21,2,0,3,3,4,44,5,0,None,0
417,Male,22,BE,CS,7.58,3,0,0,5,10,55,0,0,None,0
418,Female,24,BSc,Electrical,6.23,0,1,4,1,8,60,1,0,None,0
419,Female,23,BSc,Electrical,5.69,0,1,2,6,10,64,3,0,None,0
420,Female,22,BE,CS,6.31,0,0,3,2,4,69,4,0,None,0
421,Female,23,BTech,IT,8.42,2,2,3,1,4,90,5,0,None,0
422,Female,23,BTech,IT,5.85,2,0,1,8,7,89,2,0,None,0
423,Female,24,BTech,Electrical,7.89,0,1,2,10,3,42,1,0,None,0
424,Male,22,BSc,IT,6.13,3,0,4,3,3,76,2,0,None,0
425,Female,20,BSc,Electrical,6.34,0,3,5,6,1,46,0,0,None,0
426,Male,21,BE,Mechanical,7.19,1,1,1,2,7,78,2,0,None,0
427,Male,24,BCA,CS,5.93,1,0,3,5,4,42,4,0,None,0
428,Female,22,BE,Electrical,6.24,3,3,0,9,7,97,4,0,None,0
429,Male,23,BSc,IT,7,0,0,4,7,2,80,2,1,Product,5.01
430,Female,22,BTech,IT,6.92,3,0,1,4,5,47,0,0,None,0
431,Male,21,BTech,DS,8.72,1,2,5,3,7,60,4,0,None,0
432,Female,21,BTech,DS,5.82,0,0,2,9,9,57,4,0,None,0
433,Male,20,BTech,IT,9.2,0,0,5,4,10,97,2,0,None,0
434,Female,20,BCA,Mechanical,9.01,1,2,0,5,4,49,2,0,None,0
435,Female,21,BE,AI,8.79,3,0,1,6,6,59,0,0,None,0
436,Female,24,BE,Electrical,6.83,3,2,4,10,3,79,1,1,Startup,14.75
437,Female,24,BSc,DS,9.04,2,3,0,5,2,79,3,1,Service,13.55
438,Female,23,BE,Electrical,6.29,2,2,1,9,10,88,3,0,None,0
439,Male,20,BCA,DS,6.03,2,3,1,1,2,68,3,0,None,0
440,Male,23,BCA,CS,5.69,3,2,5,6,5,88,2,0,None,0
441,Male,20,BCA,CS,9.54,0,3,4,4,3,69,4,0,None,0
442,Female,21,BTech,IT,6.82,0,0,2,4,2,75,4,0,None,0
443,Male,24,BSc,CS,9.45,2,3,0,3,2,71,5,0,None,0
444,Female,24,BCA,CS,6.67,3,3,5,5,3,45,1,0,None,0
445,Female,21,BE,AI,9.4,2,1,1,8,1,58,4,0,None,0
446,Male,23,BE,Mechanical,9.39,3,3,5,4,8,70,2,0,None,0
447,Male,23,BE,IT,9.47,3,0,5,7,9,72,0,1,Service,3.71
448,Female,22,BCA,AI,7.63,2,1,5,8,1,43,0,0,None,0
449,Male,20,BCA,IT,9.22,0,1,4,5,5,50,5,0,None,0
450,Female,23,BE,Mechanical,9.59,0,2,1,10,8,45,3,0,None,0
451,Female,21,BCA,IT,6.9,3,3,4,1,2,51,3,0,None,0
452,Female,23,BE,Electrical,7.3,1,2,4,8,1,76,0,1,Service,7.85
453,Female,24,BTech,Electrical,8.59,1,2,1,10,5,85,3,1,Service,8.26
454,Female,20,BCA,Electrical,6.79,1,3,5,3,1,70,3,0,None,0
455,Male,22,BTech,CS,8.74,2,2,5,4,6,56,1,0,None,0
456,Male,20,BTech,Mechanical,5.82,0,0,4,10,9,43,0,0,None,0
457,Female,24,BCA,AI,7.75,1,0,0,7,8,54,1,0,None,0
458,Female,24,BE,AI,6.03,1,3,5,9,6,77,5,0,None,0
459,Male,24,BSc,DS,6.76,1,3,4,4,4,84,3,0,None,0
460,Male,24,BTech,AI,6.61,1,1,2,4,7,51,4,0,None,0
461,Female,21,BCA,Electrical,9.11,2,3,2,6,6,49,5,0,None,0
462,Male,22,BTech,Electrical,6.33,0,3,4,9,7,45,3,0,None,0
463,Female,24,BE,DS,8.98,0,0,0,4,2,61,3,0,None,0
464,Male,24,BCA,CS,8.91,0,0,5,10,7,80,1,1,Product,13.21
465,Female,23,BSc,AI,7.65,1,3,3,8,10,70,2,1,Product,9.19
466,Male,22,BCA,Mechanical,6.51,3,1,3,3,4,55,5,0,None,0
467,Female,20,BTech,DS,6.48,2,0,0,2,5,47,2,0,None,0
468,Male,22,BCA,AI,7.5,2,0,2,4,7,78,4,0,None,0
469,Male,22,BCA,CS,5.54,2,2,4,4,10,85,3,0,None,0
470,Female,22,BTech,Mechanical,7.78,0,3,1,7,2,97,2,1,Startup,3.89
471,Male,24,BSc,Mechanical,9.6,0,2,4,7,1,75,4,1,Service,14.76
472,Female,24,BE,CS,6.17,2,3,4,9,5,42,3,0,None,0
473,Male,21,BCA,AI,7.97,1,1,3,10,10,68,0,1,Startup,7.56
474,Female,20,BSc,IT,9.64,3,2,4,2,1,42,5,0,None,0
475,Male,23,BE,AI,9.2,0,0,3,4,6,90,4,0,None,0
476,Female,22,BTech,DS,9.16,0,3,1,3,2,49,2,0,None,0
477,Male,20,BSc,DS,9.03,1,3,4,3,2,85,3,0,None,0
478,Female,20,BSc,AI,6.83,1,2,0,7,4,71,4,1,Startup,6.46
479,Male,21,BCA,Electrical,9.33,0,2,4,10,10,60,1,1,Product,11.94
480,Female,23,BTech,DS,9.55,1,1,5,6,2,45,5,0,None,0
481,Female,22,BCA,IT,7.63,1,0,5,3,9,83,4,0,None,0
482,Female,23,BTech,Electrical,7.02,1,1,0,8,3,71,2,1,Product,8.52
483,Male,21,BE,IT,7.28,3,0,3,8,8,83,3,1,Startup,3.18
484,Female,24,BCA,Mechanical,6.94,3,0,4,7,7,67,0,1,Service,7.18
485,Male,20,BTech,DS,6.41,3,3,3,9,7,43,5,0,None,0
486,Female,22,BTech,Electrical,8.16,1,0,0,3,4,69,0,0,None,0
487,Male,24,BSc,AI,7.92,1,2,3,5,4,81,4,1,Startup,3.82
488,Female,21,BCA,Electrical,7.49,3,3,2,6,1,83,1,1,Service,13.76
489,Male,23,BCA,Mechanical,5.91,3,1,5,9,8,56,0,0,None,0
490,Male,20,BE,IT,8.93,2,0,0,4,1,94,1,0,None,0
491,Female,22,BTech,Mechanical,6.25,0,3,3,5,4,67,4,0,None,0
492,Male,24,BSc,CS,5.99,3,2,4,9,3,78,3,0,None,0
493,Male,24,BTech,DS,8.18,2,1,3,4,1,49,5,0,None,0
494,Female,20,BTech,AI,7.21,2,3,1,2,7,40,3,0,None,0
495,Male,23,BTech,IT,5.76,3,3,0,9,7,90,0,0,None,0
496,Male,21,BCA,Mechanical,7.03,2,2,3,3,2,70,0,0,None,0
497,Male,23,BTech,AI,8.82,3,2,5,6,10,97,0,1,Service,4.58
498,Female,23,BE,DS,8.15,0,0,2,9,5,71,0,1,Service,10.94
499,Male,23,BSc,AI,7.06,0,1,5,3,8,93,4,0,None,0
500,Female,20,BSc,DS,6.32,0,3,1,8,1,59,1,0,None,0
501,Male,20,BTech,DS,8.22,3,2,0,9,9,68,5,1,Startup,6.31
502,Male,21,BSc,DS,9.32,2,2,1,3,7,76,2,0,None,0
503,Male,23,BTech,Mechanical,8.28,3,3,4,3,7,96,4,0,None,0
504,Female,20,BCA,DS,9,0,2,2,4,2,97,0,0,None,0
505,Male,21,BSc,AI,7.74,2,2,4,1,8,64,0,0,None,0
506,Male,21,BCA,CS,8.59,1,0,5,2,3,77,5,0,None,0
507,Female,23,BCA,AI,9.35,0,3,5,1,10,40,5,0,None,0
508,Male,22,BE,Mechanical,8.82,3,0,3,3,7,93,0,0,None,0
509,Female,23,BE,DS,9.41,3,1,1,6,3,54,2,0,None,0
510,Female,22,BSc,CS,7.35,3,2,4,8,6,73,5,1,Product,8.39
511,Male,21,BTech,Mechanical,9.39,1,0,3,5,1,62,5,1,Service,13.59
512,Female,20,BTech,IT,8.17,2,3,2,8,4,68,1,1,Service,8.55
513,Male,24,BTech,IT,9.24,3,1,5,6,9,89,0,1,Product,4.89
514,Female,21,BTech,IT,5.67,3,1,4,1,7,52,3,0,None,0
515,Female,20,BE,CS,8.33,3,0,1,3,7,41,0,0,None,0
516,Male,21,BTech,AI,9.15,0,0,4,2,4,79,2,0,None,0
517,Female,23,BTech,CS,6.25,0,2,2,6,10,98,2,0,None,0
518,Female,22,BCA,CS,8.35,1,0,3,8,1,95,2,1,Startup,14.36
519,Female,21,BTech,CS,9.05,2,0,4,6,1,44,5,0,None,0
520,Female,20,BTech,IT,6.74,2,0,4,4,3,61,2,0,None,0
521,Female,23,BE,Electrical,7.24,3,1,5,4,7,98,4,0,None,0
522,Male,24,BSc,AI,7.95,3,3,0,9,7,94,0,1,Product,6.13
523,Female,23,BCA,Electrical,7.73,0,0,3,1,5,54,3,0,None,0
524,Male,22,BCA,Electrical,5.67,0,1,5,2,9,96,4,0,None,0
525,Female,23,BSc,CS,5.92,0,1,0,4,2,52,5,0,None,0
526,Male,24,BCA,AI,5.93,0,0,0,3,9,94,5,0,None,0
527,Male,20,BTech,Electrical,6.63,3,1,5,9,9,69,1,1,Service,5.95
528,Female,21,BTech,DS,6.56,0,2,2,5,6,64,4,1,Service,5.17
529,Female,22,BSc,CS,8.69,2,3,2,8,4,60,0,1,Startup,12.68
530,Female,24,BE,CS,7.96,0,2,1,4,5,56,4,0,None,0
531,Male,22,BE,CS,8.79,1,3,5,4,6,75,2,0,None,0
532,Female,23,BCA,DS,5.8,0,1,3,10,4,78,4,0,None,0
533,Male,22,BE,DS,7.59,3,0,3,3,9,73,5,0,None,0
534,Male,24,BE,IT,6.89,3,0,2,9,2,80,2,1,Service,8.53
535,Male,21,BE,Mechanical,9.15,3,1,2,10,8,73,4,1,Startup,9.42
536,Female,21,BE,AI,8.54,0,0,0,2,9,88,1,0,None,0
537,Female,22,BE,Mechanical,9.24,2,1,2,3,4,92,0,0,None,0
538,Male,20,BE,CS,5.7,3,2,4,3,9,89,0,0,None,0
539,Male,22,BE,Electrical,8.6,2,1,3,3,2,77,5,0,None,0
540,Female,23,BCA,CS,7.82,3,1,1,4,3,89,4,0,None,0
541,Male,21,BTech,Electrical,9.05,3,2,0,5,10,98,2,1,Startup,11.28
542,Female,21,BE,IT,7.68,2,2,4,6,5,93,1,1,Service,11.5
543,Male,21,BTech,Mechanical,7.82,1,1,2,5,4,77,2,1,Startup,13.36
544,Female,20,BSc,CS,5.72,3,2,1,9,3,65,0,0,None,0
545,Male,20,BTech,Mechanical,8.37,2,3,2,7,4,41,5,0,None,0
546,Female,24,BSc,IT,6.67,3,2,5,7,9,73,2,1,Product,5.87
547,Male,22,BCA,Mechanical,5.58,0,0,4,7,9,77,1,0,None,0
548,Female,22,BTech,Electrical,5.79,2,2,5,7,5,80,1,0,None,0
549,Female,23,BSc,AI,9.62,3,2,5,2,7,75,2,0,None,0
550,Male,21,BTech,IT,6.99,1,1,1,8,8,81,3,1,Startup,6.52
551,Male,20,BCA,Mechanical,9.23,0,2,5,10,2,91,1,1,Service,11.52
552,Female,23,BTech,CS,9.63,3,3,2,1,9,73,1,0,None,0
553,Male,23,BSc,DS,9.56,0,1,4,6,9,84,3,1,Product,12.21
554,Female,20,BE,DS,9.29,1,3,4,3,2,43,0,0,None,0
555,Male,22,BE,IT,9.35,2,0,1,6,6,50,5,0,None,0
556,Female,21,BE,DS,6.74,3,1,5,6,4,81,5,1,Service,6.31
557,Female,22,BCA,AI,6.15,2,1,5,8,1,52,4,0,None,0
558,Female,23,BE,IT,8.25,3,0,4,4,5,78,4,0,None,0
559,Female,21,BCA,CS,7.6,3,0,2,3,3,75,4,0,None,0
560,Female,24,BE,CS,5.92,2,3,1,2,1,93,4,0,None,0
561,Female,23,BCA,IT,8.41,2,2,5,6,2,44,0,0,None,0
562,Male,22,BCA,DS,7.92,3,1,5,3,7,78,3,0,None,0
563,Male,22,BTech,DS,9.21,1,1,0,4,1,50,1,0,None,0
564,Male,22,BE,CS,8.12,1,3,4,9,3,66,5,1,Service,6.07
565,Female,20,BTech,AI,7.97,3,1,2,7,1,42,0,0,None,0
566,Female,23,BSc,Electrical,7.4,2,0,1,1,1,98,4,0,None,0
567,Female,21,BE,DS,7.49,1,1,5,4,8,84,2,0,None,0
568,Female,22,BE,AI,9.6,3,2,0,8,6,67,4,1,Service,13.8
569,Male,22,BE,DS,6.1,0,0,0,10,4,74,0,0,None,0
570,Male,20,BE,Electrical,7.42,3,3,3,4,8,76,0,0,None,0
571,Female,21,BTech,IT,8.32,2,3,5,1,7,53,1,0,None,0
572,Male,23,BTech,Mechanical,7.36,3,1,3,10,9,68,2,1,Startup,6.81
573,Male,24,BCA,CS,6.72,0,0,5,2,1,91,4,0,None,0
574,Female,20,BTech,IT,6.74,0,0,1,5,10,76,2,1,Service,11.25
575,Male,23,BCA,DS,6.5,3,0,4,6,5,56,3,0,None,0
576,Female,24,BSc,Electrical,6.98,0,1,5,1,6,53,3,0,None,0
577,Male,22,BTech,CS,9.25,3,1,2,5,6,70,5,1,Startup,10.69
578,Female,22,BCA,Mechanical,7.67,2,3,4,8,10,87,1,1,Startup,7.62
579,Female,21,BE,Mechanical,6.53,2,2,2,8,7,91,2,1,Startup,4.51
580,Female,24,BSc,Electrical,7.15,2,0,2,2,5,77,0,0,None,0
581,Female,22,BCA,Electrical,5.96,1,1,3,9,5,94,4,0,None,0
582,Male,22,BSc,DS,9.39,3,1,3,2,1,95,0,0,None,0
583,Female,21,BE,CS,7.26,2,2,4,4,10,44,5,0,None,0
584,Female,23,BE,DS,9.72,3,1,1,10,5,57,3,0,None,0
585,Female,22,BCA,Mechanical,6.99,0,1,2,4,10,57,2,0,None,0
586,Male,20,BCA,IT,9.1,2,1,3,4,1,54,1,0,None,0
587,Female,20,BE,IT,6.6,1,0,1,7,10,90,2,1,Service,11.04
588,Male,23,BCA,AI,5.83,2,2,3,8,2,43,3,0,None,0
589,Female,24,BE,Mechanical,5.64,1,3,2,8,1,77,0,0,None,0
590,Male,21,BTech,Mechanical,8.11,0,2,0,4,8,92,2,0,None,0
591,Male,20,BCA,DS,6.84,3,2,3,4,8,92,2,0,None,0
592,Female,20,BSc,AI,7.41,0,3,1,6,8,80,5,1,Startup,10.3
593,Male,23,BE,Electrical,9.02,0,3,4,9,10,48,4,0,None,0
594,Female,24,BTech,AI,6.57,0,1,4,5,10,98,1,1,Startup,13.95
595,Female,24,BCA,CS,6.83,0,1,2,2,1,99,1,0,None,0
596,Female,23,BE,DS,9.13,0,1,5,9,4,58,4,0,None,0
597,Male,20,BTech,Electrical,7.62,3,0,0,9,1,64,5,1,Product,14.82
598,Male,21,BCA,Electrical,9.06,1,0,3,1,4,88,4,0,None,0
599,Female,20,BE,IT,7.11,0,2,5,9,7,59,3,0,None,0
600,Female,24,BE,CS,7.21,2,0,3,7,10,53,0,0,None,0
601,Male,20,BE,AI,6.22,1,0,0,1,7,98,4,0,None,0
602,Female,21,BCA,IT,9.44,1,3,2,2,1,47,3,0,None,0
603,Female,22,BTech,Mechanical,9.36,2,1,2,2,10,48,0,0,None,0
604,Female,20,BE,DS,9.73,2,3,1,8,2,60,2,1,Startup,3.27
605,Male,23,BTech,AI,7.23,2,1,1,1,6,73,4,0,None,0
606,Male,22,BTech,Mechanical,9.02,2,2,1,3,6,95,1,0,None,0
607,Male,23,BSc,Electrical,7.28,2,3,2,1,1,79,1,0,None,0
608,Female,23,BTech,AI,7.45,0,1,3,5,4,96,2,1,Product,6.66
609,Female,23,BTech,IT,9.07,1,3,4,4,9,93,2,0,None,0
610,Female,20,BTech,CS,6.26,2,3,2,3,8,98,5,0,None,0
611,Male,24,BTech,IT,6.45,2,1,0,8,4,80,2,0,None,0
612,Female,22,BTech,DS,6.85,3,0,4,7,3,52,3,0,None,0
613,Female,21,BCA,DS,8.89,1,3,2,4,8,65,5,0,None,0
614,Female,24,BSc,AI,7.1,1,2,5,1,9,81,2,0,None,0
615,Female,20,BE,IT,7.04,0,0,2,7,1,95,3,1,Startup,8.61
616,Male,23,BSc,CS,9.79,1,3,1,3,10,84,4,0,None,0
617,Male,21,BSc,Electrical,7.15,2,2,3,5,8,98,4,1,Startup,10.11
618,Female,22,BE,DS,6.57,3,2,5,8,5,76,3,1,Service,13.14
619,Male,24,BTech,CS,8.18,1,1,3,9,3,69,5,1,Startup,6.45
620,Male,24,BE,Mechanical,8.95,3,0,4,10,10,86,0,1,Product,8.12
621,Female,21,BTech,AI,5.8,2,0,2,10,5,59,0,0,None,0
622,Female,20,BE,CS,8.16,3,1,1,7,10,46,4,0,None,0
623,Male,22,BCA,AI,5.65,1,3,5,6,4,93,4,0,None,0
624,Female,21,BSc,Mechanical,7.76,1,3,0,5,1,83,0,1,Startup,10.11
625,Male,23,BTech,CS,6.61,0,2,2,5,8,59,0,0,None,0
626,Female,22,BSc,CS,6.82,2,2,1,4,7,55,3,0,None,0
627,Male,24,BTech,Electrical,7.51,0,2,0,7,4,41,0,0,None,0
628,Female,21,BE,Mechanical,9.49,0,2,0,1,4,49,1,0,None,0
629,Male,24,BE,IT,8.56,2,1,4,3,5,80,0,0,None,0
630,Male,24,BE,CS,9.53,1,3,3,6,1,91,0,1,Startup,7.48
631,Male,24,BCA,Electrical,8.34,3,2,3,10,4,74,1,1,Product,13.1
632,Female,20,BE,CS,5.53,0,0,4,1,5,82,5,0,None,0
633,Male,24,BE,Electrical,6.64,1,2,2,7,8,67,2,1,Product,9.95
634,Male,23,BCA,DS,9.39,1,2,5,2,1,49,5,0,None,0
635,Female,23,BSc,IT,8.27,0,3,1,7,4,52,1,0,None,0
636,Female,22,BSc,CS,9.72,0,2,5,4,10,61,5,0,None,0
637,Male,24,BTech,Mechanical,6.17,0,1,5,9,10,73,4,0,None,0
638,Male,24,BSc,AI,6.78,1,3,3,5,7,55,4,0,None,0
639,Female,21,BTech,Mechanical,7.06,2,3,5,1,5,47,4,0,None,0
640,Female,20,BTech,IT,6.9,2,2,4,4,1,96,2,0,None,0
641,Female,22,BSc,DS,6.58,0,1,3,4,7,59,2,0,None,0
642,Female,24,BSc,DS,7.41,3,3,3,4,1,49,4,0,None,0
643,Female,21,BCA,DS,8.26,1,0,3,3,2,94,0,0,None,0
644,Male,20,BTech,Electrical,6.84,3,2,2,3,8,68,3,0,None,0
645,Female,22,BSc,Mechanical,5.84,0,3,4,10,9,88,5,0,None,0
646,Male,22,BSc,AI,8.55,1,2,3,5,8,89,3,1,Startup,7.28
647,Male,24,BCA,AI,7.47,2,0,3,5,8,91,2,1,Product,3.26
648,Male,22,BSc,Electrical,7.89,2,2,4,2,6,92,5,0,None,0
649,Female,21,BE,CS,7.46,3,2,0,10,7,81,2,1,Product,9.16
650,Male,22,BE,Electrical,9.33,0,1,5,10,4,69,3,1,Startup,11.93
651,Male,23,BTech,AI,7.9,3,1,2,9,5,99,0,1,Startup,10.07
652,Female,21,BCA,AI,9.47,0,0,2,3,2,99,0,0,None,0
653,Male,20,BSc,CS,7.7,2,1,5,4,10,63,2,0,None,0
654,Male,20,BTech,Mechanical,6.76,1,3,1,2,4,41,0,0,None,0
655,Female,24,BSc,Mechanical,7.03,2,1,1,8,7,73,3,1,Startup,4.56
656,Male,24,BE,IT,7.75,3,3,5,7,4,81,2,1,Startup,14.78
657,Male,23,BSc,Mechanical,7.78,1,0,0,3,6,60,1,0,None,0
658,Male,20,BSc,DS,8.46,0,0,1,5,8,73,2,1,Startup,6.73
659,Female,20,BSc,DS,6.47,2,2,3,1,5,71,4,0,None,0
660,Female,20,BE,IT,8.33,0,3,3,6,8,69,0,1,Product,13.7
661,Female,20,BE,AI,8.85,2,2,5,10,4,53,0,0,None,0
662,Male,22,BCA,IT,8.41,0,2,1,6,2,58,3,0,None,0
663,Male,21,BE,CS,7.57,2,2,5,5,9,69,2,1,Service,4.42
664,Female,21,BTech,IT,9.76,2,3,2,9,2,97,3,1,Product,13.45
665,Male,23,BSc,IT,7.24,0,1,0,4,7,80,2,0,None,0
666,Male,22,BE,Electrical,5.96,2,3,3,2,6,66,2,0,None,0
667,Female,20,BTech,DS,9.03,2,1,0,7,2,55,1,0,None,0
668,Female,20,BE,CS,6.41,2,3,1,5,3,64,0,0,None,0
669,Male,24,BSc,Electrical,8.57,3,0,4,7,7,93,4,1,Product,9.76
670,Male,24,BTech,CS,6.27,2,0,5,7,6,64,5,0,None,0
671,Male,23,BE,IT,5.57,0,1,5,7,6,63,4,0,None,0
672,Female,20,BE,Electrical,6.19,0,2,0,3,7,99,0,0,None,0
673,Female,23,BTech,Electrical,7.12,3,2,0,5,5,42,3,0,None,0
674,Female,22,BCA,CS,5.96,2,2,1,1,1,63,4,0,None,0
675,Female,21,BTech,CS,6.35,3,2,1,6,5,50,1,0,None,0
676,Male,20,BTech,Mechanical,8.79,3,3,3,4,9,71,1,0,None,0
677,Female,22,BTech,CS,8.81,2,0,4,2,2,62,5,0,None,0
678,Female,20,BTech,Electrical,9.02,0,3,4,3,10,51,1,0,None,0
679,Female,24,BE,AI,9.12,2,3,0,3,3,96,4,0,None,0
680,Female,23,BTech,CS,7.31,3,3,4,1,2,78,1,0,None,0
681,Female,24,BTech,DS,9.23,1,1,1,7,5,60,1,1,Service,14.53
682,Male,21,BSc,Mechanical,7.76,3,0,5,10,5,76,3,1,Startup,14.27
683,Male,24,BE,DS,7.52,0,1,1,3,5,91,0,0,None,0
684,Female,20,BSc,DS,8.59,2,2,1,7,6,73,4,1,Service,9.93
685,Male,24,BE,AI,6.42,1,0,0,10,3,60,0,0,None,0
686,Female,20,BCA,Mechanical,8.89,3,1,2,10,8,65,1,1,Startup,7.19
687,Female,21,BCA,IT,7.35,3,1,1,9,3,75,3,1,Service,7.11
688,Male,24,BE,Electrical,6.05,3,3,4,6,2,88,0,0,None,0
689,Male,23,BCA,Electrical,6.01,2,1,4,8,9,89,2,0,None,0
690,Female,23,BCA,CS,6.21,2,1,1,1,6,98,4,0,None,0
691,Female,23,BE,Electrical,9.33,3,2,5,8,7,73,1,1,Startup,8.44
692,Female,24,BTech,AI,9.76,2,2,2,8,1,48,1,0,None,0
693,Male,24,BSc,Electrical,7.03,1,1,0,3,3,57,2,0,None,0
694,Female,24,BE,AI,6.76,1,1,1,6,7,83,1,1,Product,8.48
695,Female,20,BE,IT,6.44,0,1,0,6,8,81,0,0,None,0
696,Female,21,BE,AI,9.04,2,3,2,7,2,78,1,1,Product,13.41
697,Male,23,BSc,IT,6.4,2,3,1,3,5,69,5,0,None,0
698,Female,20,BE,IT,9.47,3,3,5,10,5,42,0,0,None,0
699,Female,23,BSc,IT,8.37,1,2,1,1,9,89,0,0,None,0
700,Male,20,BSc,AI,9.36,2,0,1,9,3,95,4,1,Startup,7.33
701,Female,24,BCA,IT,7.88,2,3,3,6,5,99,4,1,Startup,7.22
702,Female,23,BTech,AI,8.47,2,3,1,5,8,41,5,0,None,0
703,Male,24,BCA,Mechanical,8.16,3,1,1,2,3,96,4,0,None,0
704,Female,23,BE,IT,9.07,1,3,5,4,6,42,5,0,None,0
705,Male,22,BE,AI,9.09,2,0,2,5,9,54,4,0,None,0
706,Male,20,BSc,AI,8.04,2,2,2,10,10,80,2,1,Startup,6.47
707,Female,22,BCA,AI,8.22,3,3,3,4,4,42,2,0,None,0
708,Female,20,BSc,CS,9.46,0,2,1,10,7,96,3,1,Service,9.65
709,Female,21,BCA,CS,9.5,3,3,4,4,8,77,0,0,None,0
710,Female,23,BCA,IT,8.36,2,2,0,6,6,82,3,1,Service,12.44
711,Male,21,BCA,Electrical,5.53,1,2,5,4,1,73,2,0,None,0
712,Female,21,BCA,Mechanical,5.95,1,3,1,9,6,56,5,0,None,0
713,Male,20,BCA,Electrical,9.19,2,3,5,2,4,42,5,0,None,0
714,Female,22,BTech,IT,5.86,0,2,3,5,3,46,3,0,None,0
715,Female,24,BE,DS,6.42,3,0,4,3,3,70,0,0,None,0
716,Female,20,BCA,DS,6.49,2,0,2,8,3,49,4,0,None,0
717,Male,24,BCA,Mechanical,8.08,2,0,0,3,1,90,1,0,None,0
718,Female,21,BSc,Mechanical,7.98,2,0,3,8,10,74,2,1,Service,4.89
719,Female,24,BE,Mechanical,6.74,3,3,2,8,10,67,5,1,Service,8.54
720,Female,22,BE,CS,6.39,1,1,1,2,1,94,0,0,None,0
721,Female,20,BE,CS,8.79,3,2,3,10,2,94,1,1,Product,10.36
722,Male,22,BCA,DS,9.52,2,0,1,7,5,59,2,0,None,0
723,Female,22,BSc,Mechanical,5.73,1,0,3,6,7,40,0,0,None,0
724,Male,20,BE,AI,6.07,0,1,3,1,5,81,2,0,None,0
725,Male,22,BSc,Electrical,8.26,2,1,1,2,3,52,0,0,None,0
726,Male,23,BTech,DS,8.96,1,3,3,4,5,47,2,0,None,0
727,Male,23,BTech,Mechanical,8.9,1,2,5,2,6,63,2,0,None,0
728,Male,23,BSc,AI,8.59,1,2,2,5,4,61,5,1,Service,7.3
729,Male,24,BCA,Mechanical,9.32,2,1,5,3,4,66,4,0,None,0
730,Female,22,BE,IT,6.43,0,1,5,6,1,86,0,0,None,0
731,Male,20,BTech,AI,5.96,1,1,2,9,7,72,3,0,None,0
732,Male,20,BTech,Electrical,8.15,2,3,0,10,8,99,1,1,Product,6.2
733,Male,24,BSc,IT,9.04,1,2,0,7,4,65,2,1,Startup,13.56
734,Female,20,BCA,CS,8,3,1,3,5,6,83,4,1,Product,3.36
735,Female,23,BSc,DS,9.64,1,0,2,1,6,42,5,0,None,0
736,Male,22,BSc,Mechanical,8.92,2,2,5,1,1,99,3,0,None,0
737,Female,20,BSc,DS,8.51,1,2,1,1,10,69,2,0,None,0
738,Male,20,BSc,Electrical,5.76,1,0,3,3,4,99,0,0,None,0
739,Male,21,BSc,Mechanical,5.96,3,0,5,7,6,77,1,0,None,0
740,Female,21,BCA,IT,8.87,3,2,1,9,9,49,3,0,None,0
741,Male,21,BSc,AI,6.35,2,2,4,6,4,45,1,0,None,0
742,Female,22,BCA,AI,5.62,0,1,0,7,9,56,2,0,None,0
743,Female,23,BE,Mechanical,9.42,0,3,3,3,4,98,4,0,None,0
744,Male,23,BE,IT,9.33,0,3,3,8,7,46,5,0,None,0
745,Male,23,BE,Mechanical,6.44,0,1,1,10,7,98,5,0,None,0
746,Female,22,BE,Mechanical,8.85,2,0,0,6,8,53,3,0,None,0
747,Male,22,BTech,Mechanical,5.71,2,0,1,3,7,73,2,0,None,0
748,Male,21,BCA,AI,6.73,3,0,1,2,6,95,5,0,None,0
749,Male,20,BE,Electrical,8.18,3,0,0,9,3,85,2,1,Service,13.5
750,Female,24,BTech,Mechanical,8.78,0,1,4,7,10,45,5,0,None,0
751,Female,24,BCA,AI,5.54,3,2,2,10,7,72,1,0,None,0
752,Male,20,BTech,CS,6.9,2,1,5,10,6,57,4,0,None,0
753,Female,21,BTech,IT,6.42,0,0,2,9,10,45,3,0,None,0
754,Female,20,BSc,CS,9.79,1,1,4,4,8,57,1,0,None,0
755,Female,20,BTech,Mechanical,8.39,1,3,0,4,4,69,1,0,None,0
756,Female,24,BTech,AI,7.24,1,3,3,6,7,43,2,0,None,0
757,Female,21,BCA,IT,5.83,3,0,0,2,7,64,2,0,None,0
758,Male,22,BTech,DS,8.07,0,1,5,10,3,85,2,1,Product,5.82
759,Male,24,BSc,IT,8.26,1,3,1,1,8,42,0,0,None,0
760,Male,22,BE,IT,9.01,0,2,5,10,10,85,3,1,Product,9.6
761,Female,21,BE,Mechanical,6.74,2,0,0,3,2,44,3,0,None,0
762,Female,20,BCA,CS,9.72,1,1,2,5,3,85,5,1,Startup,6.11
763,Male,23,BCA,CS,7.39,1,0,3,2,1,90,5,0,None,0
764,Female,23,BTech,DS,6.77,1,3,5,9,2,79,4,1,Startup,9.41
765,Male,21,BCA,Mechanical,7,2,2,4,1,1,97,0,0,None,0
766,Male,23,BTech,IT,7.73,0,3,0,3,6,44,4,0,None,0
767,Male,22,BCA,Electrical,9.53,1,0,3,5,5,49,4,0,None,0
768,Female,23,BE,CS,8.66,1,2,5,1,6,84,0,0,None,0
769,Female,21,BE,CS,7.98,0,1,3,4,3,77,0,0,None,0
770,Male,21,BE,AI,6.2,3,3,2,10,7,93,0,0,None,0
771,Male,22,BE,IT,6.14,3,2,1,1,4,59,4,0,None,0
772,Male,23,BTech,Mechanical,7.66,1,0,3,7,1,81,3,1,Startup,12.81
773,Male,23,BTech,CS,8.63,1,1,3,1,3,52,4,0,None,0
774,Female,20,BTech,Mechanical,8.73,3,0,0,3,5,98,1,0,None,0
775,Female,24,BE,IT,6.47,3,0,4,4,7,91,5,0,None,0
776,Male,21,BSc,IT,5.93,1,1,0,4,9,81,2,0,None,0
777,Male,20,BE,CS,7.15,0,2,2,7,5,40,3,0,None,0
778,Female,21,BE,DS,9.45,3,2,3,5,1,93,1,1,Product,4.92
779,Female,20,BSc,Mechanical,7.85,1,1,1,8,5,69,3,1,Product,6.06
780,Male,24,BSc,Mechanical,6.88,2,1,3,3,1,75,1,0,None,0
781,Male,20,BCA,AI,6.89,0,0,1,8,7,84,2,1,Service,11.29
782,Male,21,BE,IT,6.07,1,0,1,9,9,77,2,0,None,0
783,Female,23,BSc,IT,7.53,2,3,5,9,6,47,3,0,None,0
784,Female,21,BCA,CS,8.9,3,1,5,9,4,48,4,0,None,0
785,Female,22,BSc,CS,9.66,2,3,1,1,6,80,1,0,None,0
786,Male,22,BSc,CS,7.66,2,1,4,9,1,85,5,1,Service,10.67
787,Male,22,BCA,AI,6.22,2,3,0,8,4,72,2,0,None,0
788,Female,22,BE,DS,8.44,3,0,5,2,6,76,1,0,None,0
789,Female,24,BCA,CS,8.75,2,0,2,3,2,99,0,0,None,0
790,Male,23,BE,CS,5.81,3,2,5,7,3,94,4,0,None,0
791,Female,23,BSc,Electrical,9.16,1,3,4,3,4,88,4,0,None,0
792,Female,21,BCA,CS,9.07,2,1,4,2,6,45,3,0,None,0
793,Male,20,BTech,AI,7.53,0,3,1,4,3,56,1,0,None,0
794,Female,21,BSc,Mechanical,7.91,1,0,4,9,1,93,1,1,Service,14.24
795,Male,21,BCA,DS,8.57,3,2,2,2,6,62,2,0,None,0
796,Male,21,BSc,Mechanical,8.41,1,3,2,1,8,76,0,0,None,0
797,Male,21,BCA,Electrical,5.57,2,0,3,10,8,41,5,0,None,0
798,Male,23,BE,IT,6.03,3,1,4,7,4,57,5,0,None,0
799,Male,20,BTech,IT,6.2,2,2,5,1,6,77,0,0,None,0
800,Male,21,BSc,CS,8.75,1,0,3,6,1,67,1,1,Startup,12.42
801,Male,23,BTech,Electrical,7.39,0,1,5,5,6,53,2,0,None,0
802,Female,21,BE,Mechanical,7.85,1,3,2,8,1,61,4,1,Service,14.04
803,Male,22,BCA,AI,8.82,1,1,4,3,4,40,3,0,None,0
804,Male,21,BTech,DS,6.97,2,1,1,3,9,82,4,0,None,0
805,Female,21,BCA,Mechanical,8.72,0,1,1,1,6,81,0,0,None,0
806,Female,24,BE,Electrical,7.4,2,2,4,4,4,86,0,0,None,0
807,Female,22,BSc,Electrical,7.12,2,0,5,10,10,80,1,1,Startup,10.04
808,Male,20,BE,Mechanical,6.93,2,0,3,10,4,78,0,1,Product,10.01
809,Female,21,BTech,DS,9.65,3,1,3,6,4,83,2,1,Product,3.33
810,Male,20,BTech,Mechanical,8.82,2,3,1,5,10,47,4,0,None,0
811,Male,22,BTech,Mechanical,5.59,0,3,3,7,7,66,1,0,None,0
812,Male,21,BCA,DS,9.62,2,0,1,10,9,49,2,0,None,0
813,Male,24,BSc,AI,8.83,2,3,0,1,6,73,2,0,None,0
814,Female,23,BTech,Electrical,6.14,0,1,1,3,7,93,3,0,None,0
815,Female,24,BTech,DS,5.83,1,0,0,4,4,85,0,0,None,0
816,Male,24,BTech,CS,6.83,2,0,4,6,5,80,0,1,Product,9.93
817,Male,23,BE,CS,8.18,1,3,0,4,9,72,2,0,None,0
818,Male,23,BTech,CS,8.15,2,0,2,7,8,87,5,1,Startup,11.42
819,Female,23,BE,CS,6.69,2,2,5,10,10,98,1,1,Startup,13.14
820,Male,21,BTech,IT,7.42,3,1,3,10,2,76,5,1,Service,5.03
821,Male,20,BE,AI,6.41,0,2,0,3,8,47,2,0,None,0
822,Female,20,BCA,IT,5.72,0,0,2,8,3,69,2,0,None,0
823,Female,23,BCA,Mechanical,7.72,1,3,2,7,2,59,0,0,None,0
824,Male,24,BE,Mechanical,6.99,3,2,3,3,2,40,4,0,None,0
825,Female,22,BSc,DS,7.83,2,2,1,9,4,94,0,1,Service,11.9
826,Female,23,BSc,CS,9.57,3,2,2,10,1,88,3,1,Product,4.54
827,Male,24,BE,DS,6.12,0,3,5,5,5,46,3,0,None,0
828,Female,24,BCA,Mechanical,5.51,2,3,0,2,7,97,1,0,None,0
829,Male,21,BE,CS,5.83,2,0,3,9,2,50,4,0,None,0
830,Female,21,BSc,Electrical,7.49,1,3,0,8,5,78,2,1,Product,3.49
831,Male,20,BE,AI,8.54,3,2,1,8,4,46,5,0,None,0
832,Male,20,BCA,Mechanical,8,2,0,3,1,6,92,4,0,None,0
833,Male,22,BSc,Electrical,7.63,0,3,2,4,1,75,0,0,None,0
834,Female,22,BSc,DS,7.02,1,1,0,7,1,59,0,0,None,0
835,Male,22,BTech,Electrical,6.83,0,3,5,6,2,72,2,1,Service,10.19
836,Female,22,BTech,DS,7.12,1,3,0,9,4,86,5,1,Product,5.49
837,Male,24,BSc,Mechanical,8.13,3,0,5,8,1,98,2,1,Startup,13.74
838,Male,24,BSc,IT,6.22,1,0,2,9,5,73,3,0,None,0
839,Female,20,BE,AI,8.82,3,0,2,4,6,99,0,0,None,0
840,Male,21,BCA,Electrical,7.97,3,1,1,8,10,62,5,1,Startup,6.48
841,Male,21,BSc,Electrical,6.66,2,1,1,6,4,95,0,1,Service,7.49
842,Female,23,BCA,Mechanical,7.65,3,3,2,9,7,63,3,1,Product,9.58
843,Male,24,BSc,Mechanical,9.64,1,3,3,10,5,48,1,0,None,0
844,Male,22,BCA,DS,5.59,1,0,2,1,9,62,5,0,None,0
845,Male,22,BTech,CS,6.36,2,0,2,6,9,85,1,0,None,0
846,Male,23,BSc,CS,7.43,1,1,4,10,4,87,3,1,Product,6.55
847,Female,21,BE,CS,8.25,3,1,3,10,10,56,0,0,None,0
848,Female,22,BCA,DS,6.41,1,0,3,2,6,95,0,0,None,0
849,Male,21,BSc,CS,9.51,0,3,5,3,2,78,5,0,None,0
850,Female,23,BTech,Mechanical,8.26,0,1,1,9,2,73,1,1,Startup,13.16
851,Male,21,BTech,IT,9.27,2,0,1,5,3,45,2,0,None,0
852,Female,21,BTech,IT,6.92,3,0,1,5,10,42,2,0,None,0
853,Male,21,BTech,IT,9.06,1,0,0,1,2,92,3,0,None,0
854,Male,22,BSc,CS,7.13,2,1,3,10,9,77,2,1,Product,7.88
855,Male,20,BE,IT,6.59,2,3,4,2,4,77,1,0,None,0
856,Male,24,BCA,Electrical,9.42,3,1,1,9,5,47,4,0,None,0
857,Male,21,BE,CS,5.9,2,3,1,7,2,79,3,0,None,0
858,Male,21,BCA,Electrical,9.55,0,1,1,4,8,48,0,0,None,0
859,Female,21,BE,Mechanical,7.47,2,0,1,7,8,54,4,0,None,0
860,Male,20,BSc,Electrical,9.77,1,0,1,10,7,69,1,1,Startup,13.46
861,Female,23,BSc,Mechanical,7.82,0,2,0,2,7,88,0,0,None,0
862,Male,22,BCA,DS,8.76,0,0,4,5,7,43,2,0,None,0
863,Female,20,BSc,DS,5.53,0,3,3,9,8,68,3,0,None,0
864,Female,21,BCA,Electrical,7.64,1,0,4,2,4,97,2,0,None,0
865,Female,20,BE,AI,8.67,3,2,2,3,6,72,3,0,None,0
866,Male,20,BSc,Mechanical,8.87,2,0,5,5,8,45,1,0,None,0
867,Male,20,BSc,CS,6.18,2,0,3,5,8,68,5,0,None,0
868,Female,23,BCA,AI,7.3,0,1,1,8,4,58,5,0,None,0
869,Male,24,BCA,Mechanical,7.3,0,3,2,7,1,76,1,1,Startup,11.58
870,Female,22,BCA,CS,5.95,2,2,5,3,2,66,0,0,None,0
871,Male,23,BCA,Mechanical,7.41,1,1,2,5,4,50,3,0,None,0
872,Female,23,BTech,Mechanical,8.97,0,2,2,8,9,81,4,1,Startup,5.21
873,Female,24,BCA,CS,6.79,0,0,2,5,3,48,2,0,None,0
874,Male,23,BTech,Mechanical,7.36,1,2,1,2,5,55,3,0,None,0
875,Female,20,BE,Mechanical,9.63,3,1,5,10,1,90,4,1,Startup,14.99
876,Male,20,BCA,Mechanical,5.64,0,0,2,2,5,57,2,0,None,0
877,Female,21,BTech,DS,8.04,3,1,4,1,1,95,1,0,None,0
878,Female,23,BTech,IT,8.7,1,3,1,6,6,52,1,0,None,0
879,Male,21,BTech,Mechanical,8.77,2,3,2,1,1,46,0,0,None,0
880,Male,22,BSc,CS,8.58,2,3,2,8,2,56,1,0,None,0
881,Male,20,BTech,Electrical,8.62,3,2,4,1,9,48,1,0,None,0
882,Female,22,BCA,Mechanical,5.75,0,3,5,8,3,71,1,0,None,0
883,Male,24,BCA,DS,7.8,2,2,0,6,9,65,3,1,Startup,7.64
884,Female,20,BCA,DS,8.87,1,2,0,9,4,81,0,1,Service,7.63
885,Female,22,BTech,Electrical,5.9,0,1,4,3,5,91,3,0,None,0
886,Male,24,BTech,Mechanical,5.55,3,0,5,7,7,61,4,0,None,0
887,Male,22,BSc,AI,9,3,0,0,2,4,84,5,0,None,0
888,Female,24,BE,Electrical,8.56,3,1,3,5,10,67,1,1,Product,6.94
889,Female,24,BSc,IT,7.27,3,3,5,1,10,94,4,0,None,0
890,Male,20,BCA,CS,9.54,1,1,3,5,6,95,4,1,Product,14.59
891,Male,21,BCA,CS,8.8,2,1,5,8,9,55,3,0,None,0
892,Male,24,BCA,CS,9.66,3,0,3,10,8,75,1,1,Startup,6.22
893,Male,24,BSc,CS,9.5,2,2,0,3,1,64,3,0,None,0
894,Male,20,BCA,DS,7.57,2,1,3,6,6,67,2,1,Service,3.75
895,Female,21,BCA,IT,8.75,3,1,3,4,9,68,2,0,None,0
896,Female,23,BCA,Mechanical,8.38,0,2,0,8,3,81,5,1,Startup,7.39
897,Female,23,BTech,Mechanical,8.99,3,0,4,2,3,40,1,0,None,0
898,Female,21,BE,AI,8.89,1,3,5,5,10,70,5,1,Product,5.9
899,Male,22,BTech,Mechanical,6.16,0,1,1,6,5,69,5,0,None,0
900,Male,20,BTech,IT,6.51,3,3,3,8,9,79,4,1,Product,13.28
901,Male,21,BE,Mechanical,6.64,2,3,5,2,3,64,3,0,None,0
902,Female,23,BE,DS,9.02,2,1,0,9,5,91,4,1,Product,5.84
903,Female,24,BSc,Electrical,8.99,0,3,1,7,5,92,5,1,Startup,11.54
904,Male,23,BE,Mechanical,7.63,1,1,1,10,8,57,5,0,None,0
905,Male,24,BSc,CS,8,2,2,5,4,2,76,2,0,None,0
906,Female,20,BSc,CS,9.06,1,2,2,10,8,82,3,1,Product,3.13
907,Female,24,BTech,Electrical,6.84,2,2,1,2,1,90,3,0,None,0
908,Male,21,BCA,CS,5.72,0,2,3,8,5,48,3,0,None,0
909,Male,24,BTech,CS,7.58,3,0,4,2,3,54,1,0,None,0
910,Female,22,BTech,DS,9.43,2,2,5,2,5,68,1,0,None,0
911,Male,21,BE,DS,8.9,0,1,3,9,9,76,1,1,Startup,7.19
912,Male,20,BE,DS,7.08,0,1,2,4,1,44,3,0,None,0
913,Male,21,BSc,Mechanical,5.78,3,1,1,7,6,94,4,0,None,0
914,Female,22,BSc,Electrical,8.24,3,3,5,10,10,83,0,1,Product,12.51
915,Female,20,BSc,CS,9.09,0,1,2,4,6,48,4,0,None,0
916,Female,23,BE,AI,8.36,2,0,3,5,7,76,5,1,Product,14.55
917,Female,22,BSc,Electrical,7.33,1,0,3,1,10,49,2,0,None,0
918,Female,20,BSc,AI,6.03,1,0,3,10,10,64,5,0,None,0
919,Female,24,BE,CS,9.42,3,0,4,1,5,94,5,0,None,0
920,Female,21,BCA,IT,6.69,2,0,3,10,7,77,2,1,Startup,11.69
921,Male,20,BTech,Electrical,6.46,0,0,3,10,2,49,1,0,None,0
922,Male,21,BE,Mechanical,9.01,1,2,1,3,2,77,0,0,None,0
923,Male,24,BSc,AI,9.72,1,0,5,6,10,59,1,0,None,0
924,Male,20,BTech,Electrical,8.34,2,3,5,1,8,81,4,0,None,0
925,Male,23,BE,Electrical,8.19,0,0,5,4,6,48,1,0,None,0
926,Male,22,BTech,DS,6.87,3,1,4,9,5,96,2,1,Service,3.45
927,Male,20,BTech,IT,5.59,1,1,5,2,3,42,5,0,None,0
928,Female,24,BCA,DS,6.32,2,3,1,2,4,82,2,0,None,0
929,Female,20,BSc,IT,8.01,3,0,2,2,8,50,1,0,None,0
930,Male,21,BE,IT,6.15,2,2,0,10,10,43,4,0,None,0
931,Male,20,BSc,Mechanical,9.3,0,2,5,10,7,88,5,1,Startup,10.89
932,Female,23,BCA,Electrical,6.31,2,2,1,7,9,67,3,0,None,0
933,Male,20,BCA,DS,7.75,3,2,5,7,3,80,4,1,Startup,5.57
934,Male,22,BE,DS,7.7,0,0,4,6,6,77,1,1,Product,7.2
935,Female,20,BE,AI,8.1,1,3,1,2,7,50,4,0,None,0
936,Male,21,BCA,Electrical,6.91,3,2,0,5,2,90,2,1,Service,11.14
937,Female,20,BE,CS,9.26,2,0,1,6,4,71,0,1,Product,5.08
938,Male,23,BTech,CS,7.41,1,0,5,6,1,57,2,0,None,0
939,Female,24,BTech,AI,8.51,0,0,5,10,4,79,2,1,Product,3.15
940,Female,20,BCA,IT,8.23,3,0,0,6,2,93,3,1,Startup,4.35
941,Female,20,BSc,AI,6,0,0,4,6,7,85,1,0,None,0
942,Male,22,BE,AI,8.18,0,1,1,1,1,58,3,0,None,0
943,Female,23,BE,DS,7.87,2,0,4,4,6,55,3,0,None,0
944,Male,24,BTech,AI,9.36,2,0,4,1,3,42,1,0,None,0
945,Male,21,BE,IT,9.29,2,0,2,3,8,52,4,0,None,0
946,Male,20,BSc,CS,6.15,1,1,2,2,8,95,5,0,None,0
947,Male,24,BE,Mechanical,5.85,1,1,1,2,7,88,0,0,None,0
948,Female,21,BE,Electrical,6.77,2,3,1,6,7,90,3,1,Startup,4.08
949,Female,23,BTech,AI,9.74,1,3,5,1,1,76,3,0,None,0
950,Male,23,BE,Electrical,5.59,3,0,5,4,9,92,4,0,None,0
951,Male,24,BCA,AI,8.39,0,2,4,9,3,87,1,1,Startup,6.75
952,Female,21,BCA,Electrical,8.12,2,0,2,3,8,69,2,0,None,0
953,Male,23,BSc,DS,8.28,0,3,1,8,2,53,4,0,None,0
954,Female,24,BSc,DS,6.44,0,2,1,9,1,95,2,0,None,0
955,Male,23,BSc,Electrical,6.47,0,2,1,2,1,93,0,0,None,0
956,Male,23,BSc,AI,7.35,3,3,2,5,8,90,5,1,Product,5.95
957,Female,23,BTech,AI,5.91,3,0,1,6,9,91,3,0,None,0
958,Male,22,BE,IT,5.82,1,3,4,5,3,75,0,0,None,0
959,Female,21,BTech,CS,5.88,0,2,1,6,7,45,2,0,None,0
960,Male,24,BSc,CS,7.96,1,1,3,5,2,71,2,1,Startup,13.92
961,Male,24,BE,Mechanical,7.21,0,0,5,7,8,80,2,1,Startup,3.75
962,Male,21,BCA,CS,6.76,2,3,0,5,3,79,3,1,Startup,7.7
963,Female,21,BTech,Mechanical,6.86,0,3,4,5,10,71,1,1,Product,6.45
964,Male,21,BE,DS,6.39,0,3,1,7,10,51,1,0,None,0
965,Male,21,BCA,Mechanical,7.27,3,1,3,3,5,82,5,0,None,0
966,Male,20,BCA,Mechanical,6.37,2,1,2,10,7,78,5,0,None,0
967,Male,24,BSc,CS,8.5,1,0,4,7,9,64,3,1,Service,14.53
968,Female,20,BCA,AI,6.03,2,0,4,8,1,64,1,0,None,0
969,Female,23,BCA,DS,9.58,3,0,1,5,5,93,1,1,Service,5.61
970,Male,23,BSc,IT,5.89,3,3,2,4,1,96,5,0,None,0
971,Female,24,BE,Mechanical,9.56,0,1,1,2,2,47,3,0,None,0
972,Male,23,BE,Mechanical,9.08,3,0,3,5,10,81,1,1,Startup,3.77
973,Male,21,BSc,Electrical,8.43,3,1,0,6,4,74,5,1,Product,7.23
974,Male,20,BTech,Mechanical,9.42,0,2,5,9,10,45,5,0,None,0
975,Female,21,BSc,AI,6.1,3,0,5,6,3,82,1,0,None,0
976,Female,23,BE,IT,6.26,3,1,2,6,10,43,4,0,None,0
977,Female,20,BTech,Electrical,6.58,1,0,0,6,5,83,5,1,Service,6.26
978,Female,21,BSc,CS,6.55,0,1,3,8,6,74,0,1,Startup,13.78
979,Female,24,BE,DS,6.84,0,1,4,6,1,65,0,1,Startup,6.53
980,Female,21,BE,AI,7.98,1,3,3,1,9,70,0,0,None,0
981,Female,23,BE,IT,5.62,1,2,5,1,10,60,4,0,None,0
982,Female,20,BCA,DS,7.14,1,0,0,10,2,63,0,1,Product,15
983,Female,24,BCA,CS,6.56,1,1,2,2,8,94,2,0,None,0
984,Male,20,BTech,DS,8.11,0,0,1,1,9,49,0,0,None,0
985,Female,24,BTech,Electrical,9.74,1,1,0,3,1,46,3,0,None,0
986,Female,20,BTech,Mechanical,7.73,1,2,2,3,2,65,0,0,None,0
987,Female,23,BCA,Mechanical,7.33,3,1,0,4,3,67,2,0,None,0
988,Female,24,BTech,AI,7.08,0,1,5,6,9,41,0,0,None,0
989,Female,22,BE,DS,8.88,1,0,4,10,3,99,1,1,Service,11.92
990,Female,20,BE,Mechanical,5.81,3,2,5,7,6,83,2,0,None,0
991,Female,20,BTech,AI,9.63,0,1,4,9,9,53,3,0,None,0
992,Female,21,BTech,AI,7.3,1,0,1,8,7,46,1,0,None,0
993,Female,24,BCA,Electrical,6.85,1,1,4,6,10,56,1,0,None,0
994,Female,22,BE,AI,9.69,3,0,3,9,6,54,4,0,None,0
995,Female,23,BSc,CS,9.52,2,2,5,4,2,61,1,0,None,0
996,Male,21,BSc,Mechanical,8.26,0,3,5,6,6,71,0,1,Service,14.6
997,Male,22,BCA,Mechanical,5.58,3,2,5,7,10,65,1,0,None,0
998,Female,24,BCA,IT,8.72,1,0,1,2,1,62,1,0,None,0
999,Female,22,BCA,CS,6.94,2,2,5,1,7,65,4,0,None,0
1000,Male,20,BE,Mechanical,7.17,2,0,0,10,6,89,0,1,Product,10.68
1001,Female,20,BTech,Electrical,6.18,3,0,5,8,8,95,0,0,None,0
1002,Male,21,BTech,Mechanical,7.75,3,2,3,8,2,63,1,1,Product,11.41
1003,Male,24,BCA,IT,8.7,3,3,2,7,1,61,3,1,Service,13.13
1004,Male,24,BE,DS,6.67,0,2,0,9,9,94,3,1,Startup,7.74
1005,Male,22,BSc,DS,9.54,2,0,5,9,9,66,0,1,Product,8.06
1006,Male,21,BCA,CS,6.34,0,3,5,3,10,60,3,0,None,0
1007,Female,24,BE,AI,5.78,2,0,5,1,7,76,0,0,None,0
1008,Male,20,BCA,IT,8.27,0,3,4,9,1,82,0,1,Product,7.82
1009,Female,22,BE,IT,9.15,3,2,0,1,2,47,2,0,None,0
1010,Female,23,BE,Mechanical,9.6,1,2,4,1,9,53,0,0,None,0
1011,Male,20,BCA,Electrical,8.8,3,0,3,5,5,41,2,0,None,0
1012,Male,21,BTech,Mechanical,6.36,0,3,5,2,2,91,1,0,None,0
1013,Female,24,BCA,Electrical,9.7,3,0,3,2,5,46,4,0,None,0
1014,Male,20,BTech,IT,9.45,2,3,3,5,1,66,5,1,Startup,5.65
1015,Male,23,BTech,AI,6.2,0,0,5,7,10,47,0,0,None,0
1016,Female,23,BSc,DS,7.9,3,2,1,6,5,43,1,0,None,0
1017,Female,21,BE,CS,7.89,3,1,4,5,7,98,0,1,Product,11.43
1018,Male,20,BCA,Electrical,7.4,1,0,0,3,8,49,0,0,None,0
1019,Female,22,BE,DS,9.73,1,1,5,9,3,85,5,1,Service,10.83
1020,Male,20,BSc,CS,5.76,3,2,0,8,4,93,4,0,None,0
1021,Male,23,BTech,AI,8.2,2,1,0,3,2,86,2,0,None,0
1022,Male,21,BCA,IT,6.38,2,3,1,7,1,49,5,0,None,0
1023,Female,21,BE,AI,7.77,2,1,1,3,10,55,0,0,None,0
1024,Female,22,BSc,Electrical,8.85,3,0,4,6,8,42,0,0,None,0
1025,Female,21,BTech,IT,6.56,1,1,1,3,7,62,2,0,None,0
1026,Female,21,BTech,Mechanical,7.19,3,3,5,8,8,41,3,0,None,0
1027,Female,21,BE,CS,9.59,1,2,3,3,5,40,4,0,None,0
1028,Male,21,BTech,Mechanical,8.77,2,3,0,5,5,50,4,0,None,0
1029,Male,21,BSc,IT,7.96,1,0,3,3,1,87,0,0,None,0
1030,Male,23,BTech,CS,6.45,3,3,1,8,9,97,5,0,None,0
1031,Male,20,BCA,CS,7.33,3,1,0,10,3,83,4,1,Service,7.96
1032,Female,24,BCA,Mechanical,8.83,3,1,2,9,1,76,5,1,Startup,11.28
1033,Male,21,BE,CS,9.03,1,3,3,6,4,97,3,1,Service,8.5
1034,Female,24,BSc,IT,6.55,2,1,2,10,4,59,0,0,None,0
1035,Male,24,BTech,Electrical,8.35,3,1,4,4,8,99,2,0,None,0
1036,Female,23,BTech,Electrical,5.91,3,0,5,10,10,60,2,0,None,0
1037,Female,21,BTech,IT,5.6,1,0,3,4,10,69,0,0,None,0
1038,Male,24,BCA,Mechanical,7.86,2,0,0,5,5,64,2,1,Product,4.2
1039,Male,21,BSc,AI,6.46,1,2,0,3,10,86,2,0,None,0
1040,Male,22,BTech,IT,5.84,0,2,5,4,5,56,0,0,None,0
1041,Male,22,BE,Electrical,8.64,0,0,2,4,1,79,1,0,None,0
1042,Female,22,BSc,IT,7.64,3,3,0,1,4,90,5,0,None,0
1043,Male,24,BSc,CS,8.92,1,3,5,1,8,62,5,0,None,0
1044,Male,22,BTech,CS,8.35,1,3,3,9,8,58,4,0,None,0
1045,Female,23,BCA,IT,8.64,3,0,1,3,4,83,4,0,None,0
1046,Male,23,BSc,Mechanical,6.82,0,2,1,5,3,60,1,1,Service,9.89
1047,Male,24,BE,AI,6.63,2,1,5,2,4,46,2,0,None,0
1048,Male,21,BSc,CS,8.08,2,3,0,1,6,45,4,0,None,0
1049,Male,20,BCA,Electrical,6.36,0,0,4,7,3,41,3,0,None,0
1050,Male,21,BE,CS,9.01,3,0,3,10,3,42,5,0,None,0
1051,Female,21,BCA,Electrical,7.75,3,1,4,9,9,80,1,1,Service,5.28
1052,Male,21,BTech,AI,6.48,2,2,2,4,3,99,2,0,None,0
1053,Male,21,BSc,CS,8.19,2,2,5,4,1,50,3,0,None,0
1054,Male,20,BE,Mechanical,9.56,0,0,0,3,3,99,5,0,None,0
1055,Male,22,BCA,Electrical,5.85,0,1,5,3,8,61,1,0,None,0
1056,Male,21,BTech,CS,5.97,1,2,2,2,9,89,2,0,None,0
1057,Female,23,BE,CS,9.13,0,1,4,3,4,98,0,0,None,0
1058,Male,24,BSc,IT,5.97,0,1,3,5,6,87,5,0,None,0
1059,Female,24,BSc,Mechanical,5.67,2,0,4,8,10,92,2,0,None,0
1060,Female,23,BCA,Mechanical,7,2,1,1,8,8,81,3,1,Product,8.97
1061,Male,21,BE,IT,7.51,1,1,4,5,7,87,4,1,Startup,8.95
1062,Male,20,BTech,Electrical,7.95,2,1,4,1,8,48,5,0,None,0
1063,Male,22,BTech,DS,7.68,2,3,4,10,3,59,1,0,None,0
1064,Male,24,BTech,AI,9.43,2,1,4,2,4,41,5,0,None,0
1065,Female,22,BCA,Mechanical,8.81,0,1,3,8,1,89,5,1,Startup,5
1066,Male,20,BTech,DS,9.73,2,0,0,10,4,55,5,0,None,0
1067,Male,24,BE,Electrical,7.55,3,2,3,9,5,65,0,1,Product,7.72
1068,Male,22,BCA,AI,5.86,0,2,5,7,2,91,1,0,None,0
1069,Male,20,BSc,Mechanical,9.61,2,1,2,9,1,62,2,1,Service,10.37
1070,Male,22,BCA,CS,5.52,0,0,1,9,5,53,5,0,None,0
1071,Male,21,BCA,Mechanical,8.84,2,0,0,6,8,60,0,1,Startup,7.12
1072,Female,20,BCA,AI,5.63,1,1,5,6,8,62,4,0,None,0
1073,Female,22,BE,DS,8.77,1,1,5,7,9,51,1,0,None,0
1074,Male,21,BSc,CS,9.53,1,2,1,1,8,43,1,0,None,0
1075,Male,21,BSc,AI,7.17,2,2,1,9,7,56,3,0,None,0
1076,Male,20,BCA,Electrical,6.54,1,2,0,1,1,70,2,0,None,0
1077,Female,23,BCA,AI,6.47,0,1,5,8,10,67,5,0,None,0
1078,Male,24,BCA,Mechanical,7.61,1,2,5,10,1,91,3,1,Product,3.15
1079,Female,20,BE,Electrical,6.23,1,0,0,2,8,92,0,0,None,0
1080,Male,21,BE,IT,8.39,1,3,5,10,5,93,1,1,Service,5.24
1081,Male,21,BTech,IT,7.08,1,3,2,7,6,91,0,1,Service,10.06
1082,Male,20,BSc,CS,6.89,0,3,3,5,4,78,4,1,Startup,14.05
1083,Male,23,BTech,AI,7.48,3,0,0,8,4,99,4,1,Startup,6.79
1084,Female,24,BTech,DS,7.83,1,3,5,10,10,75,5,1,Startup,12.52
1085,Female,22,BCA,CS,6.11,2,1,2,7,9,86,5,0,None,0
1086,Male,20,BE,Electrical,8.54,3,1,4,8,8,53,3,0,None,0
1087,Male,24,BTech,CS,9.3,1,3,0,2,4,91,3,0,None,0
1088,Female,24,BTech,Mechanical,6.7,3,3,3,10,7,93,3,1,Service,7.88
1089,Female,21,BTech,Electrical,6.28,2,2,4,9,8,70,5,0,None,0
1090,Female,22,BCA,DS,8.77,2,0,4,6,7,72,1,1,Product,5.71
1091,Female,20,BCA,AI,6.29,1,2,4,6,5,48,4,0,None,0
1092,Male,21,BE,Electrical,5.68,1,0,4,6,10,61,4,0,None,0
1093,Female,21,BTech,AI,8.16,2,2,1,1,1,75,5,0,None,0
1094,Male,23,BTech,AI,6.53,0,1,3,7,6,69,3,1,Service,12.41
1095,Female,24,BE,CS,6.24,3,0,2,2,8,91,4,0,None,0
1096,Female,20,BE,Mechanical,9.72,0,3,0,2,6,48,5,0,None,0
1097,Female,20,BE,CS,6.76,1,0,2,5,8,48,1,0,None,0
1098,Female,20,BSc,IT,9.38,0,0,1,6,6,93,2,1,Service,14.24
1099,Female,21,BE,IT,6.27,0,2,4,1,2,51,1,0,None,0
1100,Male,23,BCA,AI,9.02,3,3,5,1,6,67,0,0,None,0
1101,Male,22,BSc,Mechanical,7.66,1,2,0,1,9,55,0,0,None,0
1102,Female,21,BE,Electrical,5.84,3,3,3,7,2,76,3,0,None,0
1103,Female,22,BCA,AI,8.65,2,2,0,1,3,88,0,0,None,0
1104,Male,23,BE,Electrical,9.34,3,3,0,9,9,96,3,1,Product,11.86
1105,Female,24,BE,AI,6.2,3,0,2,3,7,45,5,0,None,0
1106,Female,20,BSc,CS,8.62,2,1,5,10,1,48,2,0,None,0
1107,Male,22,BCA,AI,7.41,0,3,4,2,4,82,1,0,None,0
1108,Female,21,BTech,AI,8.74,3,2,3,6,4,73,5,1,Service,8.79
1109,Female,22,BE,Mechanical,8.57,2,0,0,2,10,70,5,0,None,0
1110,Male,24,BSc,Mechanical,5.61,1,2,1,5,5,95,4,0,None,0
1111,Male,20,BCA,Electrical,6.27,0,0,1,5,7,46,0,0,None,0
1112,Male,22,BE,Mechanical,7.53,2,0,5,9,5,71,2,1,Service,6.07
1113,Female,24,BTech,AI,9.51,0,3,4,4,10,88,1,0,None,0
1114,Male,21,BCA,Mechanical,6.97,2,2,5,8,6,82,5,1,Startup,8.08
1115,Male,23,BCA,Mechanical,8.2,3,0,0,7,9,93,2,1,Product,14.08
1116,Male,21,BSc,DS,5.55,0,2,4,7,2,63,5,0,None,0
1117,Male,20,BE,DS,8.56,3,0,0,1,6,69,5,0,None,0
1118,Male,21,BE,IT,8.09,2,3,3,6,6,81,1,1,Service,12.9
1119,Male,21,BCA,CS,8.58,3,1,1,6,1,65,0,1,Service,10.56
1120,Female,21,BE,CS,9.39,3,1,5,10,6,72,3,1,Service,3.19
1121,Female,21,BCA,Mechanical,6.13,2,1,2,8,7,65,5,0,None,0
1122,Male,20,BTech,IT,6.62,3,1,5,6,7,58,1,0,None,0
1123,Male,24,BSc,IT,9.78,3,3,4,8,3,40,1,0,None,0
1124,Male,22,BE,Electrical,6.17,3,3,3,6,8,91,2,0,None,0
1125,Female,23,BE,DS,8.6,1,3,1,8,7,59,0,0,None,0
1126,Female,22,BSc,IT,8.62,1,2,3,5,4,77,2,1,Startup,13.18
1127,Female,22,BTech,AI,8.44,1,0,5,9,4,87,5,1,Service,4.48
1128,Female,23,BTech,Electrical,6.48,0,0,5,4,10,51,3,0,None,0
1129,Female,20,BTech,Mechanical,6.43,3,1,2,6,7,98,4,0,None,0
1130,Female,23,BTech,AI,8.37,3,1,0,2,2,82,2,0,None,0
1131,Female,20,BTech,CS,6.3,3,0,0,3,5,61,5,0,None,0
